card_id,customer_id,card_type,issue_date,expiry_date,card_status
1876.0,1765.0,,2024-01-01,2028-12-30,Expired
914.0,,Credit,2024-01-02,2028-12-31,Expired
964.0,2176.0,Debit,2024-01-02,2028-12-31,Blocked
1043.0,1508.0,Debit,,2029-01-02,
300.0,2669.0,Debit,2024-01-04,2029-01-02,Blocked
1773.0,2046.0,Debit,2024-01-04,2029-01-02,Blocked
544.0,2164.0,,2024-01-04,2029-01-02,Active
429.0,,Credit,2024-01-04,2029-01-02,Active
1973.0,2072.0,Credit,2024-01-05,2029-01-03,Expired
88.0,2109.0,Debit,2024-01-05,2029-01-03,Active
1070.0,2689.0,Credit,2024-01-05,2029-01-03,Blocked
913.0,,Debit,2024-01-06,2029-01-04,Active
871.0,2815.0,Credit,2024-01-06,2029-01-04,Active
,1766.0,Debit,2024-01-06,,Active
1674.0,2591.0,Debit,2024-01-07,,Blocked
1960.0,2913.0,Debit,2024-01-07,2029-01-05,Expired
1300.0,2958.0,Credit,2024-01-07,2029-01-05,Expired
989.0,1909.0,Debit,2024-01-08,2029-01-06,
1563.0,1666.0,Credit,2024-01-08,2029-01-06,Blocked
1052.0,2377.0,Credit,2024-01-09,2029-01-07,Expired
14.0,2797.0,Debit,2024-01-09,2029-01-07,Expired
1235.0,1592.0,Debit,2024-01-09,2029-01-07,Active
416.0,2707.0,Debit,2024-01-09,2029-01-07,Active
34.0,1470.0,Credit,2024-01-10,2029-01-08,Blocked
1198.0,,,2024-01-10,2029-01-08,Active
1192.0,1959.0,Credit,2024-01-10,2029-01-08,Expired
1392.0,1303.0,Credit,2024-01-10,2029-01-08,Blocked
1858.0,2400.0,Credit,2024-01-10,2029-01-08,Active
1574.0,,Credit,2024-01-11,2029-01-09,
340.0,2415.0,Debit,2024-01-11,2029-01-09,Blocked
1534.0,2810.0,Debit,2024-01-12,2029-01-10,Active
1619.0,1657.0,Credit,2024-01-12,2029-01-10,Expired
247.0,1908.0,Debit,2024-01-12,2029-01-10,Blocked
539.0,2273.0,Debit,2024-01-13,2029-01-11,Active
337.0,1704.0,Credit,2024-01-14,2029-01-12,
1293.0,1726.0,,2024-01-14,2029-01-12,Active
802.0,2614.0,,2024-01-14,2029-01-12,Active
1981.0,1083.0,Debit,2024-01-14,2029-01-12,Expired
1692.0,,Credit,2024-01-16,2029-01-14,Expired
988.0,1950.0,Debit,2024-01-16,2029-01-14,Blocked
1318.0,2676.0,Credit,2024-01-17,2029-01-15,Blocked
471.0,1763.0,,2024-01-17,2029-01-15,Expired
1208.0,2427.0,Credit,2024-01-17,2029-01-15,
832.0,1254.0,Debit,2024-01-17,2029-01-15,Blocked
991.0,2443.0,Debit,2024-01-17,2029-01-15,Blocked
388.0,2250.0,,2024-01-18,2029-01-16,Blocked
1242.0,1459.0,Credit,2024-01-18,2029-01-16,
212.0,2658.0,Debit,2024-01-19,2029-01-17,Expired
,2221.0,Debit,2024-01-19,2029-01-17,Expired
1644.0,,Credit,2024-01-20,2029-01-18,Blocked
1660.0,1283.0,Credit,2024-01-20,2029-01-18,Expired
,2617.0,Credit,2024-01-20,2029-01-18,Active
581.0,1548.0,Debit,2024-01-21,2029-01-19,Blocked
1118.0,2777.0,Credit,,2029-01-19,Expired
982.0,2869.0,Debit,2024-01-21,2029-01-19,Blocked
566.0,2524.0,Credit,2024-01-21,2029-01-19,Expired
387.0,1892.0,Debit,2024-01-21,2029-01-19,Blocked
1733.0,1497.0,Debit,2024-01-21,2029-01-19,Active
1998.0,1193.0,Credit,2024-01-21,2029-01-19,Expired
,1285.0,Debit,2024-01-22,2029-01-20,Active
228.0,2281.0,Debit,2024-01-22,2029-01-20,Expired
,2835.0,Debit,2024-01-22,2029-01-20,Active
60.0,2367.0,Debit,2024-01-24,,Blocked
304.0,1516.0,Debit,2024-01-24,2029-01-22,Blocked
1177.0,2313.0,Debit,2024-01-24,2029-01-22,Active
331.0,2192.0,Debit,2024-01-24,2029-01-22,Blocked
1279.0,,Credit,,2029-01-22,
1126.0,2012.0,Credit,2024-01-24,2029-01-22,Blocked
1802.0,2203.0,Credit,2024-01-25,2029-01-23,Blocked
308.0,1386.0,Debit,2024-01-25,2029-01-23,Expired
,2653.0,Credit,2024-01-25,2029-01-23,Active
614.0,2303.0,Credit,2024-01-26,2029-01-24,Active
127.0,1525.0,Debit,2024-01-26,2029-01-24,Active
658.0,1803.0,Debit,2024-01-26,2029-01-24,
222.0,1712.0,Debit,2024-01-26,2029-01-24,Blocked
1263.0,2619.0,,2024-01-27,2029-01-25,Expired
197.0,1220.0,,2024-01-27,2029-01-25,Active
1788.0,,Credit,2024-01-29,2029-01-27,Expired
1411.0,1420.0,Credit,2024-01-30,2029-01-28,Active
1661.0,,Credit,2024-01-30,2029-01-28,Active
1394.0,1866.0,,2024-01-30,2029-01-28,Active
159.0,2356.0,Debit,2024-01-31,2029-01-29,Active
,1772.0,Debit,,2029-01-30,Blocked
81.0,1991.0,Credit,2024-02-01,2029-01-30,Blocked
675.0,2386.0,Credit,2024-02-01,2029-01-30,Blocked
112.0,1398.0,Debit,2024-02-01,2029-01-30,Expired
1847.0,2192.0,Credit,2024-02-01,2029-01-30,Blocked
1241.0,1961.0,Credit,2024-02-01,2029-01-30,
36.0,1135.0,,2024-02-01,2029-01-30,Blocked
1613.0,2721.0,,2024-02-03,2029-02-01,Expired
941.0,2625.0,Debit,2024-02-03,2029-02-01,Active
1490.0,1214.0,,2024-02-04,2029-02-02,Expired
1746.0,2607.0,Debit,2024-02-04,2029-02-02,Blocked
174.0,1213.0,Debit,2024-02-05,2029-02-03,
101.0,2248.0,Debit,2024-02-05,2029-02-03,Expired
945.0,2116.0,Debit,2024-02-05,2029-02-03,Blocked
1014.0,2076.0,Debit,2024-02-06,2029-02-04,Blocked
777.0,2537.0,,2024-02-06,2029-02-04,Active
999.0,1931.0,Debit,2024-02-07,2029-02-05,Blocked
1667.0,1629.0,Debit,2024-02-08,2029-02-06,Expired
,2317.0,Credit,2024-02-08,,Active
1010.0,2591.0,Credit,2024-02-08,2029-02-06,Blocked
835.0,,Debit,2024-02-09,2029-02-07,Expired
181.0,2320.0,Debit,2024-02-09,,Active
1965.0,1268.0,Debit,,2029-02-07,Blocked
759.0,2202.0,Credit,2024-02-10,2029-02-08,Blocked
1436.0,2437.0,Debit,2024-02-11,,Active
1407.0,,Debit,2024-02-11,,Active
1178.0,2607.0,Debit,2024-02-12,2029-02-10,Expired
1136.0,1106.0,Debit,,2029-02-10,Blocked
450.0,2449.0,Debit,2024-02-12,2029-02-10,Blocked
1810.0,1759.0,Debit,2024-02-13,2029-02-11,Blocked
288.0,1666.0,,2024-02-13,2029-02-11,Blocked
26.0,1103.0,Debit,2024-02-14,2029-02-12,Expired
1114.0,1505.0,Credit,2024-02-14,,Blocked
1551.0,2803.0,Debit,2024-02-14,2029-02-12,Active
139.0,1581.0,Debit,2024-02-15,2029-02-13,Expired
599.0,1129.0,Debit,2024-02-15,2029-02-13,Blocked
1402.0,2792.0,Debit,2024-02-15,2029-02-13,Blocked
1453.0,1955.0,Credit,2024-02-15,2029-02-13,Expired
1908.0,,Credit,2024-02-15,2029-02-13,Expired
1572.0,2272.0,Debit,2024-02-16,2029-02-14,Expired
1378.0,,Credit,2024-02-16,,Blocked
1575.0,1699.0,Debit,2024-02-16,2029-02-14,Expired
783.0,1292.0,Debit,2024-02-16,2029-02-14,Expired
,2538.0,Credit,2024-02-17,2029-02-15,Expired
1951.0,2306.0,Debit,2024-02-18,,Blocked
106.0,1316.0,Credit,2024-02-19,2029-02-17,Expired
1365.0,,Debit,2024-02-19,2029-02-17,Blocked
720.0,2700.0,Credit,2024-02-19,2029-02-17,Active
1650.0,1945.0,Credit,,2029-02-18,Expired
1720.0,2555.0,,2024-02-20,2029-02-18,Blocked
271.0,1322.0,Credit,2024-02-20,2029-02-18,Expired
490.0,1897.0,Debit,2024-02-21,2029-02-19,Active
1127.0,,Credit,2024-02-21,2029-02-19,Expired
361.0,2187.0,Credit,2024-02-22,2029-02-20,Expired
764.0,1301.0,Debit,,2029-02-21,Blocked
,1801.0,Credit,2024-02-23,,Active
,2450.0,Credit,2024-02-23,2029-02-21,
1950.0,2791.0,Credit,2024-02-24,,Active
,2634.0,Debit,2024-02-24,2029-02-22,
10.0,1820.0,Credit,2024-02-25,,Active
1672.0,,Credit,2024-02-25,2029-02-23,Active
1605.0,2039.0,Debit,2024-02-25,2029-02-23,Blocked
866.0,,,2024-02-26,2029-02-24,Expired
503.0,1351.0,Debit,,2029-02-24,Expired
947.0,2391.0,Credit,2024-02-27,2029-02-25,Expired
8.0,2826.0,Debit,,2029-02-26,Active
1366.0,2612.0,Credit,2024-02-28,2029-02-26,Blocked
1946.0,1147.0,Credit,2024-02-28,2029-02-26,Expired
1977.0,1538.0,Credit,2024-02-28,2029-02-26,Active
932.0,1820.0,,2024-02-28,2029-02-26,
89.0,1173.0,Credit,,,Expired
578.0,2387.0,Credit,2024-02-29,2029-02-27,Blocked
1480.0,1573.0,Debit,2024-03-02,,Active
681.0,2498.0,Credit,,2029-03-01,Active
1530.0,1831.0,,2024-03-03,2029-03-02,Blocked
1393.0,1555.0,Debit,2024-03-03,2029-03-02,Blocked
615.0,1977.0,Credit,2024-03-03,2029-03-02,Blocked
1097.0,2437.0,,2024-03-04,2029-03-03,Active
64.0,2392.0,Credit,2024-03-04,2029-03-03,Blocked
1415.0,1484.0,Debit,2024-03-04,2029-03-03,Active
1825.0,1511.0,Debit,2024-03-05,2029-03-04,Blocked
1435.0,1077.0,Debit,2024-03-05,2029-03-04,Expired
1484.0,1296.0,Debit,,2029-03-05,Active
1096.0,2097.0,Debit,2024-03-07,,Blocked
,2471.0,Credit,2024-03-07,2029-03-06,Expired
1481.0,2725.0,Debit,2024-03-08,2029-03-07,Expired
1514.0,2768.0,Debit,2024-03-08,2029-03-07,Active
649.0,1400.0,,2024-03-08,2029-03-07,Expired
1689.0,2768.0,Debit,2024-03-09,2029-03-08,Expired
960.0,2462.0,Debit,2024-03-10,2029-03-09,Expired
1993.0,2365.0,Credit,2024-03-10,,Blocked
1755.0,2443.0,Credit,2024-03-11,,
1329.0,2935.0,Credit,2024-03-12,2029-03-11,Expired
727.0,2766.0,Debit,2024-03-13,2029-03-12,Active
1016.0,2576.0,Credit,2024-03-13,2029-03-12,Blocked
51.0,2905.0,Credit,2024-03-14,2029-03-13,Active
296.0,2678.0,Credit,2024-03-14,2029-03-13,
1080.0,2371.0,Credit,2024-03-14,2029-03-13,Expired
1308.0,1394.0,Credit,,,Expired
69.0,2846.0,Credit,2024-03-15,2029-03-14,Active
1824.0,2505.0,Credit,2024-03-15,2029-03-14,Active
1811.0,1176.0,,2024-03-15,2029-03-14,Expired
1680.0,,Debit,2024-03-16,2029-03-15,Active
1719.0,1926.0,Credit,2024-03-16,2029-03-15,Expired
1076.0,1918.0,Credit,2024-03-16,2029-03-15,Active
1006.0,2660.0,Credit,2024-03-16,2029-03-15,Blocked
95.0,1196.0,Credit,,2029-03-16,Blocked
1888.0,2135.0,Debit,2024-03-17,2029-03-16,Blocked
,2082.0,,2024-03-17,2029-03-16,Expired
201.0,1937.0,Credit,2024-03-17,2029-03-16,Blocked
632.0,1440.0,Credit,2024-03-17,2029-03-16,Expired
1784.0,2731.0,Credit,,2029-03-17,Blocked
481.0,1014.0,,2024-03-18,2029-03-17,Expired
136.0,2937.0,Credit,2024-03-18,2029-03-17,
,2574.0,Debit,2024-03-18,2029-03-17,
732.0,2313.0,Credit,2024-03-18,2029-03-17,Expired
1404.0,2103.0,Credit,2024-03-18,,Expired
562.0,2325.0,Debit,2024-03-19,2029-03-18,
1029.0,2878.0,Credit,2024-03-20,2029-03-19,Blocked
125.0,2584.0,Debit,2024-03-20,2029-03-19,Blocked
2.0,2933.0,Debit,2024-03-21,2029-03-20,
758.0,2416.0,Credit,2024-03-22,2029-03-21,Expired
1216.0,1192.0,Debit,2024-03-22,2029-03-21,Expired
484.0,1177.0,Debit,2024-03-23,2029-03-22,Blocked
526.0,2778.0,Credit,2024-03-23,2029-03-22,Expired
966.0,1419.0,Credit,2024-03-23,2029-03-22,Expired
1608.0,2491.0,Debit,,,Active
1887.0,2429.0,Credit,2024-03-23,,Expired
1862.0,2512.0,Credit,,2029-03-22,Expired
425.0,2814.0,Debit,2024-03-23,2029-03-22,
1202.0,2356.0,Credit,2024-03-25,2029-03-24,Blocked
,2207.0,Credit,2024-03-25,2029-03-24,
,1925.0,Credit,,2029-03-24,Expired
911.0,,,2024-03-25,2029-03-24,Blocked
,1397.0,,2024-03-27,2029-03-26,Blocked
1999.0,1334.0,,,2029-03-26,Blocked
1335.0,1968.0,Debit,2024-03-27,2029-03-26,Blocked
,1108.0,Debit,2024-03-27,,Blocked
495.0,2797.0,Credit,2024-03-27,2029-03-26,Active
1125.0,,,,2029-03-26,Blocked
934.0,1128.0,Credit,2024-03-27,2029-03-26,Active
392.0,,Debit,2024-03-28,2029-03-27,Expired
1623.0,2442.0,Credit,2024-03-28,2029-03-27,Active
100.0,2180.0,,2024-03-29,2029-03-28,Active
645.0,2773.0,Credit,,2029-03-29,Active
169.0,1141.0,Debit,,2029-03-29,Expired
1314.0,2330.0,Credit,2024-03-30,2029-03-29,
1367.0,2805.0,Credit,2024-03-31,,Active
1060.0,1042.0,Credit,2024-03-31,2029-03-30,Active
1431.0,2957.0,Debit,2024-03-31,,Expired
1655.0,2427.0,,2024-03-31,2029-03-30,Expired
431.0,1095.0,Debit,2024-04-01,2029-03-31,Expired
1376.0,2536.0,Credit,,2029-03-31,Blocked
45.0,2250.0,Debit,2024-04-01,,Active
1693.0,2657.0,Debit,2024-04-01,,Blocked
442.0,1538.0,Debit,2024-04-02,2029-04-01,Active
822.0,2630.0,Credit,2024-04-02,2029-04-01,Blocked
1671.0,1814.0,Debit,2024-04-03,2029-04-02,Blocked
691.0,1948.0,Credit,2024-04-03,2029-04-02,Expired
923.0,1458.0,,2024-04-03,2029-04-02,Active
756.0,2870.0,Debit,2024-04-04,2029-04-03,Expired
1173.0,2726.0,Debit,2024-04-04,2029-04-03,Expired
,1533.0,Debit,2024-04-04,2029-04-03,Expired
273.0,1599.0,Debit,2024-04-05,2029-04-04,Expired
906.0,1169.0,,2024-04-05,2029-04-04,Active
1333.0,1666.0,Debit,2024-04-06,2029-04-05,Blocked
,2089.0,Debit,,2029-04-05,Active
463.0,1292.0,Debit,2024-04-06,2029-04-05,Blocked
1218.0,2675.0,Debit,2024-04-06,2029-04-05,Blocked
129.0,1600.0,Debit,2024-04-07,2029-04-06,Expired
1278.0,2586.0,Credit,2024-04-07,2029-04-06,Active
876.0,2617.0,Credit,2024-04-07,2029-04-06,Expired
1779.0,1152.0,Credit,2024-04-08,2029-04-07,Expired
1618.0,,Credit,2024-04-08,2029-04-07,Blocked
968.0,2670.0,Credit,2024-04-08,2029-04-07,Blocked
245.0,2871.0,Debit,,2029-04-07,Expired
1945.0,1156.0,,2024-04-08,2029-04-07,Active
1188.0,2700.0,Debit,2024-04-08,2029-04-07,Expired
889.0,,Debit,2024-04-09,2029-04-08,Expired
1589.0,2796.0,Debit,,,Blocked
845.0,2696.0,Debit,2024-04-09,2029-04-08,Expired
,2363.0,Credit,2024-04-09,2029-04-08,Expired
1129.0,,Credit,2024-04-09,2029-04-08,Blocked
1553.0,2835.0,Credit,2024-04-09,2029-04-08,Active
929.0,2029.0,,,2029-04-08,Active
1304.0,2090.0,Credit,2024-04-10,2029-04-09,Expired
1707.0,1667.0,Debit,,2029-04-09,Blocked
567.0,2988.0,Debit,2024-04-11,2029-04-10,Expired
1100.0,,Credit,2024-04-11,,Expired
1381.0,1232.0,Credit,2024-04-12,2029-04-11,Active
1786.0,2889.0,Credit,2024-04-13,2029-04-12,Active
1524.0,1748.0,Credit,2024-04-13,2029-04-12,Blocked
558.0,,Debit,2024-04-13,2029-04-12,Blocked
,2755.0,Credit,2024-04-13,2029-04-12,Expired
1067.0,1614.0,Debit,2024-04-13,,Blocked
1830.0,2307.0,Debit,2024-04-14,,Active
335.0,2418.0,Credit,2024-04-14,2029-04-13,Expired
1099.0,1132.0,Credit,,2029-04-13,Expired
813.0,1203.0,Debit,2024-04-15,2029-04-14,Expired
1281.0,2309.0,Debit,2024-04-16,2029-04-15,
1141.0,2415.0,Debit,2024-04-16,2029-04-15,Expired
,2111.0,Debit,,2029-04-15,Expired
1231.0,2618.0,Credit,2024-04-17,2029-04-16,
689.0,1321.0,Credit,2024-04-17,2029-04-16,Expired
565.0,2644.0,Credit,2024-04-17,2029-04-16,Blocked
1287.0,2926.0,Debit,2024-04-17,2029-04-16,Expired
595.0,1400.0,Debit,,2029-04-16,Blocked
,2646.0,Debit,2024-04-18,2029-04-17,
150.0,1435.0,Credit,2024-04-18,2029-04-17,Expired
1958.0,1098.0,Debit,2024-04-19,2029-04-18,Active
500.0,2908.0,Debit,2024-04-19,2029-04-18,Active
550.0,1699.0,Credit,2024-04-19,2029-04-18,Blocked
506.0,2400.0,,2024-04-19,2029-04-18,Blocked
1032.0,2432.0,Credit,2024-04-20,2029-04-19,
1577.0,2967.0,Credit,2024-04-20,2029-04-19,Active
1471.0,1199.0,,2024-04-20,2029-04-19,Active
1721.0,,Debit,2024-04-20,2029-04-19,Blocked
1956.0,1426.0,Credit,2024-04-21,,Active
1899.0,1417.0,Credit,2024-04-21,2029-04-20,Blocked
730.0,2410.0,Credit,2024-04-21,2029-04-20,Active
1840.0,1238.0,Debit,2024-04-22,2029-04-21,Expired
815.0,2976.0,Debit,2024-04-22,2029-04-21,Expired
461.0,1422.0,Credit,2024-04-22,2029-04-21,Blocked
225.0,1927.0,Credit,2024-04-22,2029-04-21,
1828.0,1267.0,,2024-04-23,2029-04-22,Expired
1438.0,2794.0,Debit,2024-04-23,,Active
1207.0,2183.0,Credit,,2029-04-22,Expired
786.0,1590.0,Credit,2024-04-24,2029-04-23,Blocked
260.0,1695.0,Credit,2024-04-24,2029-04-23,Active
1031.0,1416.0,Credit,2024-04-24,2029-04-23,Blocked
1444.0,2750.0,Credit,2024-04-24,2029-04-23,Active
1371.0,1135.0,Credit,2024-04-25,2029-04-24,
,1551.0,Credit,2024-04-25,2029-04-24,Blocked
983.0,1566.0,Debit,2024-04-25,,Expired
1.0,2980.0,,2024-04-26,2029-04-25,Expired
651.0,2436.0,,2024-04-27,,Blocked
437.0,,,2024-04-27,2029-04-26,
138.0,2536.0,Debit,2024-04-27,2029-04-26,Active
1617.0,1246.0,Debit,2024-04-28,2029-04-27,Active
736.0,,Debit,2024-04-28,2029-04-27,Active
1503.0,1901.0,Credit,2024-04-29,2029-04-28,Blocked
1238.0,2970.0,Credit,2024-05-01,2029-04-30,Active
992.0,1833.0,Credit,2024-05-02,2029-05-01,Active
1903.0,2860.0,Debit,2024-05-03,2029-05-02,Active
1546.0,1405.0,Credit,2024-05-03,2029-05-02,Active
1273.0,1665.0,,2024-05-05,2029-05-04,Expired
153.0,1163.0,Debit,2024-05-06,2029-05-05,Blocked
1037.0,,Debit,2024-05-07,2029-05-06,Blocked
568.0,2879.0,Credit,2024-05-07,2029-05-06,Blocked
1441.0,2499.0,,2024-05-07,2029-05-06,Blocked
377.0,2176.0,Credit,2024-05-07,2029-05-06,Blocked
1247.0,2007.0,Credit,2024-05-08,2029-05-07,
1053.0,1105.0,Debit,2024-05-09,2029-05-08,Active
90.0,1912.0,Credit,2024-05-09,2029-05-08,Expired
,1261.0,Credit,2024-05-09,2029-05-08,Blocked
383.0,2258.0,Debit,2024-05-09,,Active
545.0,2112.0,,2024-05-10,,Expired
1088.0,2359.0,,2024-05-11,2029-05-10,Blocked
,2217.0,Debit,2024-05-12,2029-05-11,Blocked
1518.0,1878.0,Credit,2024-05-13,2029-05-12,Blocked
638.0,1859.0,,2024-05-13,2029-05-12,Blocked
967.0,1044.0,Debit,2024-05-13,2029-05-12,Active
1385.0,1096.0,Credit,2024-05-14,2029-05-13,Expired
1095.0,2099.0,Credit,2024-05-14,2029-05-13,Blocked
902.0,2732.0,Debit,2024-05-14,,Blocked
1425.0,1276.0,Debit,2024-05-14,,Blocked
,2591.0,Debit,2024-05-15,2029-05-14,Blocked
1066.0,1755.0,Debit,2024-05-16,2029-05-15,Active
789.0,1894.0,Credit,2024-05-16,2029-05-15,Active
553.0,1937.0,Debit,2024-05-16,2029-05-15,Active
605.0,1779.0,Debit,2024-05-17,,Active
1302.0,2542.0,Credit,2024-05-18,2029-05-17,Active
360.0,1193.0,Credit,2024-05-19,2029-05-18,
1493.0,1879.0,Debit,2024-05-19,2029-05-18,Active
530.0,,Credit,2024-05-19,2029-05-18,Expired
626.0,1470.0,Credit,2024-05-19,2029-05-18,Active
574.0,2922.0,Debit,2024-05-20,2029-05-19,Active
80.0,2404.0,Credit,2024-05-20,2029-05-19,Active
655.0,1667.0,Debit,2024-05-20,2029-05-19,Active
389.0,1572.0,Credit,2024-05-20,2029-05-19,Blocked
1926.0,2037.0,Debit,2024-05-21,2029-05-20,Active
1322.0,2009.0,Debit,2024-05-21,2029-05-20,Active
447.0,,Credit,2024-05-21,2029-05-20,Active
1504.0,2737.0,Debit,2024-05-21,2029-05-20,Expired
1685.0,1258.0,,2024-05-22,2029-05-21,Active
220.0,2565.0,Credit,2024-05-22,2029-05-21,Expired
785.0,2757.0,Debit,2024-05-22,2029-05-21,Blocked
,2239.0,Debit,2024-05-23,2029-05-22,Blocked
1729.0,2021.0,Debit,2024-05-23,2029-05-22,Blocked
,1703.0,Debit,2024-05-23,2029-05-22,Expired
1475.0,2278.0,Credit,2024-05-23,2029-05-22,Expired
,1151.0,Debit,2024-05-23,2029-05-22,Blocked
22.0,1038.0,,2024-05-23,2029-05-22,Expired
1426.0,1402.0,Debit,2024-05-23,2029-05-22,Blocked
1362.0,2565.0,Credit,2024-05-24,2029-05-23,Active
1342.0,2984.0,Credit,2024-05-24,2029-05-23,Expired
460.0,1043.0,Debit,2024-05-24,,Active
443.0,1811.0,Debit,2024-05-24,2029-05-23,Blocked
781.0,1195.0,Credit,,2029-05-24,Blocked
229.0,2730.0,Credit,2024-05-25,2029-05-24,Expired
92.0,2085.0,Debit,2024-05-25,2029-05-24,Active
684.0,2966.0,Credit,2024-05-26,,Blocked
,2481.0,Credit,2024-05-27,2029-05-26,Active
1798.0,2232.0,Credit,2024-05-28,2029-05-27,Active
370.0,2076.0,Credit,2024-05-28,,Active
1012.0,2893.0,Debit,2024-05-28,2029-05-27,Active
312.0,,Credit,2024-05-29,2029-05-28,Expired
1748.0,,Credit,2024-05-29,2029-05-28,Blocked
1539.0,2900.0,Credit,2024-05-29,2029-05-28,Expired
1565.0,2733.0,Debit,,2029-05-29,Blocked
1240.0,1725.0,Credit,2024-05-31,2029-05-30,Active
765.0,2906.0,Credit,2024-06-01,2029-05-31,Expired
1927.0,2286.0,Credit,2024-06-01,2029-05-31,Active
479.0,1896.0,Credit,2024-06-02,2029-06-01,Active
635.0,2624.0,Credit,2024-06-03,2029-06-02,Active
317.0,1684.0,Credit,2024-06-03,2029-06-02,Expired
975.0,1658.0,Debit,2024-06-03,,Active
1139.0,2021.0,Credit,2024-06-04,2029-06-03,Active
,1793.0,Debit,2024-06-05,2029-06-04,Expired
1131.0,2040.0,Credit,2024-06-06,2029-06-05,Active
1390.0,2487.0,Debit,2024-06-06,2029-06-05,Active
1842.0,2412.0,Credit,2024-06-07,2029-06-06,Active
156.0,1121.0,Debit,2024-06-07,2029-06-06,
,2218.0,Credit,2024-06-08,2029-06-07,Expired
1554.0,2066.0,,2024-06-08,2029-06-07,Expired
1254.0,2398.0,Debit,2024-06-08,2029-06-07,Active
198.0,2459.0,Debit,2024-06-09,2029-06-08,Blocked
207.0,2842.0,,2024-06-09,2029-06-08,Active
183.0,1700.0,Credit,2024-06-10,2029-06-09,Active
1115.0,2476.0,Debit,2024-06-10,2029-06-09,Active
1062.0,2793.0,Credit,2024-06-12,2029-06-11,Expired
472.0,2842.0,Debit,,2029-06-11,Active
172.0,2122.0,Credit,2024-06-13,2029-06-12,Blocked
427.0,1578.0,Credit,2024-06-14,2029-06-13,Expired
1948.0,1271.0,,2024-06-14,2029-06-13,Expired
1229.0,2634.0,,2024-06-14,2029-06-13,Expired
105.0,1457.0,Debit,2024-06-14,2029-06-13,Expired
147.0,1994.0,Credit,2024-06-14,2029-06-13,Expired
1433.0,1617.0,Debit,2024-06-14,2029-06-13,Expired
9.0,2862.0,Credit,2024-06-15,2029-06-14,Active
865.0,2649.0,Credit,2024-06-15,,
524.0,1226.0,Debit,2024-06-15,2029-06-14,Blocked
135.0,1004.0,Credit,2024-06-15,2029-06-14,Expired
1294.0,1991.0,Credit,2024-06-16,,Blocked
160.0,1795.0,Debit,2024-06-16,2029-06-15,Blocked
1124.0,2051.0,Credit,2024-06-16,2029-06-15,Expired
343.0,2631.0,Credit,2024-06-16,2029-06-15,Expired
187.0,1938.0,Debit,2024-06-16,,Blocked
1609.0,2023.0,Debit,2024-06-17,2029-06-16,Blocked
155.0,2069.0,Debit,2024-06-17,2029-06-16,
1703.0,1911.0,Debit,,2029-06-16,Expired
257.0,1182.0,Debit,2024-06-18,2029-06-17,Expired
623.0,1873.0,Credit,,2029-06-18,Blocked
1690.0,2743.0,Debit,2024-06-20,2029-06-19,
1645.0,2505.0,Credit,2024-06-20,2029-06-19,Blocked
695.0,1056.0,Debit,,2029-06-20,Blocked
509.0,2105.0,Debit,2024-06-21,2029-06-20,Active
1152.0,1905.0,Debit,2024-06-21,2029-06-20,Expired
1846.0,1957.0,Credit,2024-06-22,,Blocked
559.0,1085.0,Credit,2024-06-22,2029-06-21,
1017.0,1279.0,Credit,2024-06-23,2029-06-22,Active
1003.0,1662.0,Debit,2024-06-24,2029-06-23,Expired
1257.0,1344.0,Debit,2024-06-24,2029-06-23,Expired
1832.0,,Credit,2024-06-24,2029-06-23,Blocked
1423.0,1252.0,Debit,2024-06-24,2029-06-23,Active
1410.0,1249.0,Debit,2024-06-24,2029-06-23,Expired
378.0,2948.0,Credit,2024-06-24,2029-06-23,Blocked
949.0,1710.0,Debit,2024-06-24,2029-06-23,Blocked
1559.0,1390.0,Credit,2024-06-25,2029-06-24,Active
1210.0,1540.0,,2024-06-25,2029-06-24,Expired
1021.0,2303.0,Debit,2024-06-25,2029-06-24,Expired
1491.0,1136.0,Credit,2024-06-25,2029-06-24,Expired
571.0,2503.0,Credit,,2029-06-25,Active
1800.0,,Credit,2024-06-26,2029-06-25,Blocked
1516.0,2177.0,,2024-06-27,2029-06-26,Expired
192.0,1012.0,Credit,2024-06-29,2029-06-28,Blocked
582.0,1657.0,Debit,2024-06-29,2029-06-28,Active
863.0,1757.0,Credit,2024-06-30,2029-06-29,Blocked
1018.0,2138.0,Debit,2024-06-30,2029-06-29,Expired
189.0,1724.0,Credit,2024-07-01,2029-06-30,Expired
717.0,1663.0,Credit,2024-07-01,2029-06-30,
342.0,2289.0,Debit,2024-07-01,2029-06-30,Expired
1953.0,2065.0,Credit,2024-07-01,2029-06-30,Expired
1732.0,1014.0,Debit,2024-07-01,2029-06-30,Expired
1472.0,,Credit,2024-07-02,2029-07-01,Blocked
,1618.0,Credit,2024-07-02,2029-07-01,Expired
,1843.0,Credit,2024-07-02,2029-07-01,Active
1170.0,1109.0,Credit,2024-07-02,2029-07-01,Expired
,1888.0,Credit,2024-07-04,2029-07-03,Blocked
1154.0,2689.0,Credit,2024-07-04,2029-07-03,Active
165.0,2623.0,Credit,2024-07-04,2029-07-03,Expired
1042.0,1117.0,Credit,2024-07-05,2029-07-04,Expired
1467.0,2459.0,Credit,2024-07-06,2029-07-05,
954.0,1447.0,Debit,2024-07-06,2029-07-05,Blocked
241.0,2914.0,Credit,2024-07-07,2029-07-06,Blocked
1628.0,,Debit,2024-07-07,2029-07-06,Active
1499.0,1686.0,Credit,2024-07-07,2029-07-06,Active
1081.0,1822.0,Debit,2024-07-07,2029-07-06,Expired
1187.0,2287.0,Credit,2024-07-08,2029-07-07,Blocked
555.0,2204.0,Debit,2024-07-08,2029-07-07,Blocked
514.0,1021.0,Debit,2024-07-08,2029-07-07,Active
1092.0,1023.0,Credit,2024-07-09,2029-07-08,Expired
1074.0,1606.0,Credit,2024-07-09,2029-07-08,Expired
869.0,,Credit,2024-07-11,2029-07-10,Active
708.0,1861.0,Credit,2024-07-11,2029-07-10,Expired
1744.0,1927.0,Credit,2024-07-11,2029-07-10,Active
,2734.0,,2024-07-11,2029-07-10,Blocked
1142.0,2473.0,Debit,2024-07-11,2029-07-10,
305.0,1293.0,Credit,2024-07-11,,Active
1296.0,1942.0,Debit,2024-07-12,2029-07-11,Blocked
1705.0,1985.0,,2024-07-13,2029-07-12,Blocked
488.0,,Credit,2024-07-13,2029-07-12,Blocked
868.0,2668.0,Debit,2024-07-13,2029-07-12,Expired
376.0,1799.0,Debit,,2029-07-12,Expired
771.0,1515.0,Credit,2024-07-14,2029-07-13,Active
1162.0,,Debit,,2029-07-13,Blocked
1893.0,1778.0,Credit,2024-07-14,2029-07-13,Active
511.0,1212.0,Debit,2024-07-14,2029-07-13,Blocked
962.0,2796.0,Debit,2024-07-14,2029-07-13,Active
1679.0,2080.0,Credit,2024-07-14,2029-07-13,Expired
1375.0,2382.0,,2024-07-14,2029-07-13,Blocked
1777.0,2125.0,Credit,2024-07-14,2029-07-13,Blocked
1942.0,2064.0,Debit,2024-07-15,2029-07-14,Blocked
631.0,2191.0,Credit,2024-07-15,2029-07-14,Expired
1220.0,,Credit,2024-07-15,2029-07-14,Blocked
1696.0,1546.0,Debit,2024-07-16,2029-07-15,Blocked
642.0,,Debit,2024-07-16,2029-07-15,Blocked
1718.0,,Debit,2024-07-16,2029-07-15,Blocked
1502.0,2407.0,Debit,2024-07-17,2029-07-16,Active
931.0,1408.0,Debit,2024-07-17,2029-07-16,Expired
77.0,1908.0,Debit,2024-07-17,2029-07-16,Active
,2571.0,Debit,2024-07-18,2029-07-17,Expired
231.0,1274.0,Debit,2024-07-18,2029-07-17,Active
622.0,1813.0,Credit,2024-07-18,,Blocked
1174.0,2657.0,Debit,2024-07-19,2029-07-18,Expired
492.0,1113.0,Credit,2024-07-19,2029-07-18,Expired
1848.0,2408.0,Credit,2024-07-19,2029-07-18,Active
747.0,1446.0,Debit,2024-07-19,2029-07-18,Blocked
111.0,2654.0,Credit,2024-07-19,2029-07-18,Active
719.0,2088.0,Credit,2024-07-20,,Expired
1158.0,1946.0,Debit,2024-07-20,2029-07-19,Expired
1790.0,1919.0,Debit,2024-07-20,2029-07-19,Expired
1109.0,2562.0,Credit,2024-07-20,2029-07-19,Expired
1801.0,1834.0,Debit,2024-07-20,,Blocked
1570.0,2666.0,Credit,2024-07-21,2029-07-20,Expired
1985.0,1285.0,Debit,2024-07-21,2029-07-20,
831.0,2594.0,Debit,2024-07-22,,Blocked
536.0,2883.0,Credit,2024-07-22,2029-07-21,Active
,1066.0,Debit,2024-07-22,2029-07-21,Expired
1217.0,1332.0,Credit,2024-07-22,2029-07-21,Blocked
,2491.0,Credit,2024-07-22,2029-07-21,Blocked
784.0,1589.0,Credit,,2029-07-21,Expired
1284.0,1383.0,Credit,2024-07-23,2029-07-22,
893.0,2416.0,Credit,,2029-07-23,Expired
1531.0,2011.0,Debit,2024-07-24,2029-07-23,Active
1894.0,2585.0,Debit,2024-07-24,2029-07-23,Blocked
190.0,1073.0,Debit,2024-07-24,2029-07-23,Active
1180.0,1336.0,Debit,2024-07-24,2029-07-23,Expired
1476.0,,Debit,2024-07-25,2029-07-24,Blocked
799.0,2896.0,Debit,2024-07-25,2029-07-24,Blocked
557.0,,Credit,,2029-07-24,Blocked
640.0,2239.0,Debit,2024-07-26,2029-07-25,Active
1405.0,2212.0,Debit,2024-07-26,2029-07-25,Active
1428.0,1739.0,Credit,2024-07-26,2029-07-25,Active
1345.0,2436.0,Debit,2024-07-26,2029-07-25,Expired
1714.0,1803.0,Credit,2024-07-26,2029-07-25,Active
1815.0,2475.0,,2024-07-27,,Blocked
1243.0,1538.0,Credit,2024-07-28,2029-07-27,Blocked
188.0,1778.0,Debit,2024-07-28,2029-07-27,Blocked
674.0,2238.0,Debit,2024-07-29,2029-07-28,Expired
1001.0,2331.0,Debit,2024-07-30,2029-07-29,Blocked
102.0,2048.0,,2024-07-30,2029-07-29,Active
1414.0,2791.0,,2024-07-30,2029-07-29,
448.0,1125.0,Credit,2024-07-30,2029-07-29,Active
1871.0,2424.0,Debit,,2029-07-30,Blocked
67.0,1402.0,Credit,2024-07-31,2029-07-30,Blocked
497.0,2824.0,,,2029-07-30,Expired
,1825.0,Credit,2024-07-31,2029-07-30,Active
185.0,2012.0,Debit,2024-08-02,2029-08-01,Blocked
1760.0,2284.0,Debit,2024-08-03,2029-08-02,Active
,1268.0,Credit,2024-08-03,2029-08-02,Active
1370.0,2980.0,Credit,2024-08-04,2029-08-03,
602.0,1074.0,Debit,2024-08-04,2029-08-03,Active
1059.0,1292.0,Credit,2024-08-05,2029-08-04,Expired
1683.0,1145.0,Debit,2024-08-06,2029-08-05,Blocked
483.0,1533.0,Credit,2024-08-06,2029-08-05,Blocked
1386.0,1815.0,Debit,2024-08-06,2029-08-05,Active
1105.0,,Debit,2024-08-06,2029-08-05,Blocked
,2093.0,Debit,2024-08-07,2029-08-06,Active
541.0,2107.0,Debit,2024-08-07,2029-08-06,Active
341.0,2534.0,Credit,2024-08-07,2029-08-06,Expired
,1839.0,Credit,2024-08-08,2029-08-07,Blocked
1967.0,1729.0,Credit,2024-08-08,2029-08-07,Blocked
722.0,1607.0,Debit,2024-08-08,2029-08-07,Blocked
180.0,1120.0,Debit,2024-08-09,2029-08-08,Expired
233.0,,Debit,2024-08-09,2029-08-08,
1234.0,2464.0,Debit,2024-08-09,2029-08-08,Expired
899.0,2172.0,Debit,2024-08-10,2029-08-09,Blocked
501.0,2043.0,Credit,2024-08-10,2029-08-09,Blocked
1602.0,2083.0,Debit,2024-08-10,,Active
17.0,2549.0,Credit,2024-08-10,2029-08-09,Blocked
1697.0,2572.0,Debit,2024-08-11,2029-08-10,Blocked
191.0,2860.0,Credit,2024-08-11,2029-08-10,Blocked
380.0,1562.0,Debit,2024-08-11,2029-08-10,Expired
42.0,1825.0,Debit,2024-08-11,2029-08-10,Active
21.0,2367.0,Debit,2024-08-12,2029-08-11,Expired
1588.0,2858.0,,2024-08-12,2029-08-11,Expired
1536.0,2931.0,,2024-08-12,2029-08-11,Blocked
1261.0,2010.0,Credit,2024-08-13,2029-08-12,Blocked
1307.0,2322.0,Credit,2024-08-13,2029-08-12,Expired
1316.0,2879.0,Credit,2024-08-13,2029-08-12,Blocked
211.0,1341.0,Credit,,2029-08-12,
1253.0,2569.0,Credit,,2029-08-13,Active
1495.0,2685.0,Credit,2024-08-14,2029-08-13,Active
1156.0,1365.0,Credit,2024-08-14,,Blocked
1818.0,,Credit,2024-08-15,2029-08-14,Blocked
164.0,1245.0,Debit,2024-08-15,2029-08-14,Blocked
912.0,1393.0,Credit,2024-08-15,2029-08-14,
1668.0,2499.0,Debit,2024-08-15,2029-08-14,Blocked
235.0,2589.0,Credit,2024-08-16,2029-08-15,Blocked
787.0,2687.0,Debit,2024-08-16,2029-08-15,Blocked
808.0,2278.0,Credit,2024-08-17,2029-08-16,Active
1724.0,2959.0,Credit,2024-08-17,2029-08-16,
,2732.0,Credit,2024-08-18,2029-08-17,
1160.0,2080.0,Credit,2024-08-18,2029-08-17,Blocked
873.0,2515.0,,2024-08-18,2029-08-17,
1852.0,1773.0,Credit,2024-08-18,2029-08-17,
369.0,1703.0,Debit,2024-08-19,2029-08-18,Active
,1908.0,Credit,2024-08-19,2029-08-18,Active
1751.0,2571.0,Credit,2024-08-19,2029-08-18,Blocked
1634.0,2825.0,Credit,2024-08-19,2029-08-18,Active
456.0,2991.0,Credit,,2029-08-18,Blocked
586.0,2272.0,Credit,2024-08-20,2029-08-19,Expired
1189.0,2586.0,Debit,2024-08-20,,Active
836.0,1786.0,Credit,2024-08-21,,Active
592.0,2775.0,Credit,2024-08-21,2029-08-20,Blocked
612.0,2980.0,Credit,2024-08-22,2029-08-21,Active
1047.0,2683.0,Credit,2024-08-22,2029-08-21,Expired
409.0,2524.0,Debit,2024-08-22,,Blocked
,2249.0,Credit,,2029-08-22,
195.0,1487.0,Debit,,2029-08-22,Blocked
,2132.0,Debit,2024-08-23,2029-08-22,Active
1276.0,2080.0,Debit,2024-08-23,2029-08-22,Active
1593.0,1755.0,Debit,2024-08-23,2029-08-22,Blocked
368.0,2871.0,Debit,2024-08-23,2029-08-22,Expired
1669.0,1090.0,Credit,,2029-08-22,Active
1350.0,1468.0,Debit,2024-08-24,2029-08-23,Blocked
797.0,1111.0,,2024-08-25,2029-08-24,Expired
1982.0,2121.0,Credit,2024-08-25,,Expired
1844.0,,,2024-08-26,,Active
1089.0,2326.0,Debit,,2029-08-25,Blocked
1448.0,1569.0,Debit,2024-08-27,2029-08-26,Blocked
1780.0,1815.0,Credit,2024-08-28,2029-08-27,Active
1543.0,2355.0,Debit,2024-08-29,2029-08-28,Blocked
50.0,2335.0,Debit,,2029-08-29,Active
596.0,1959.0,Debit,2024-08-30,2029-08-29,Active
552.0,,Credit,2024-08-30,2029-08-29,Blocked
1346.0,2699.0,Credit,2024-08-30,2029-08-29,Expired
867.0,2832.0,,2024-08-31,2029-08-30,Expired
749.0,1010.0,Credit,2024-08-31,2029-08-30,Blocked
1739.0,2480.0,Debit,2024-08-31,2029-08-30,Active
171.0,2418.0,Debit,2024-09-01,2029-08-31,Active
1022.0,2390.0,Credit,2024-09-01,2029-08-31,Active
1813.0,1318.0,Credit,2024-09-02,2029-09-01,Blocked
435.0,1497.0,Debit,2024-09-03,2029-09-02,Blocked
1532.0,2738.0,Debit,2024-09-04,2029-09-03,Blocked
1917.0,1870.0,Debit,2024-09-04,2029-09-03,Active
1877.0,2664.0,,2024-09-04,2029-09-03,Expired
1380.0,,Debit,2024-09-05,2029-09-04,Active
290.0,2596.0,Debit,2024-09-05,2029-09-04,Blocked
1762.0,1574.0,Credit,,2029-09-04,Active
1834.0,1300.0,Credit,2024-09-05,2029-09-04,Expired
,,Debit,2024-09-07,2029-09-06,Blocked
1873.0,2948.0,Credit,2024-09-07,2029-09-06,Blocked
924.0,1485.0,Debit,2024-09-08,2029-09-07,Active
49.0,2773.0,Debit,2024-09-09,2029-09-08,Blocked
,2429.0,Credit,2024-09-09,2029-09-08,Blocked
1819.0,2478.0,Credit,2024-09-10,2029-09-09,Active
438.0,1934.0,Debit,2024-09-10,2029-09-09,Active
958.0,,Credit,2024-09-10,2029-09-09,Blocked
725.0,1026.0,Credit,2024-09-10,2029-09-09,Expired
85.0,2314.0,Credit,2024-09-10,2029-09-09,Blocked
1698.0,1489.0,Credit,2024-09-10,2029-09-09,Blocked
74.0,2271.0,Credit,2024-09-11,2029-09-10,Blocked
852.0,1778.0,Debit,2024-09-11,2029-09-10,Blocked
670.0,1429.0,Debit,2024-09-11,2029-09-10,Blocked
441.0,2859.0,Credit,2024-09-11,2029-09-10,Blocked
1309.0,1816.0,Credit,2024-09-11,2029-09-10,Blocked
1794.0,2613.0,Credit,2024-09-11,2029-09-10,Blocked
1781.0,,Debit,2024-09-11,2029-09-10,
1666.0,2871.0,Debit,2024-09-11,2029-09-10,Blocked
1353.0,1806.0,Credit,2024-09-12,2029-09-11,
338.0,2047.0,Credit,,2029-09-11,Expired
1044.0,,Debit,2024-09-12,2029-09-11,
1761.0,1022.0,Debit,2024-09-12,2029-09-11,Expired
1317.0,1006.0,,2024-09-13,2029-09-12,Active
690.0,2632.0,Credit,2024-09-13,,Expired
1535.0,1337.0,Debit,2024-09-13,,Blocked
179.0,2122.0,Debit,2024-09-14,2029-09-13,Blocked
1583.0,2615.0,Credit,2024-09-15,2029-09-14,Expired
1488.0,1154.0,,2024-09-16,2029-09-15,Blocked
1640.0,2340.0,Debit,2024-09-16,2029-09-15,Active
266.0,1743.0,Credit,2024-09-16,2029-09-15,Active
542.0,,Debit,2024-09-17,2029-09-16,Expired
1336.0,2354.0,Credit,2024-09-17,2029-09-16,Blocked
,1012.0,,2024-09-17,2029-09-16,Blocked
1652.0,2406.0,Debit,2024-09-17,2029-09-16,Blocked
630.0,1559.0,Debit,,2029-09-16,Blocked
1883.0,1006.0,Credit,2024-09-18,2029-09-17,Expired
1256.0,2701.0,Debit,2024-09-18,2029-09-17,Active
379.0,2445.0,Credit,2024-09-18,2029-09-17,
891.0,2194.0,Debit,,2029-09-17,Blocked
465.0,1418.0,Debit,2024-09-18,2029-09-17,Expired
1923.0,,Credit,2024-09-19,2029-09-18,Active
591.0,2114.0,Debit,2024-09-20,2029-09-19,Expired
1863.0,2100.0,,2024-09-20,2029-09-19,Active
978.0,1134.0,Debit,,2029-09-19,Blocked
1398.0,1187.0,Credit,,2029-09-20,
1315.0,1553.0,,2024-09-21,2029-09-20,Active
1039.0,,Debit,2024-09-21,2029-09-20,Expired
1699.0,2765.0,Credit,,2029-09-20,Expired
1106.0,1246.0,Credit,2024-09-22,2029-09-21,Expired
884.0,1290.0,Credit,2024-09-23,2029-09-22,Expired
1591.0,2368.0,Debit,2024-09-24,,Blocked
1990.0,2132.0,Debit,2024-09-24,2029-09-23,Active
1909.0,2924.0,Credit,2024-09-24,2029-09-23,
1048.0,2484.0,Debit,2024-09-24,2029-09-23,Active
137.0,1528.0,Debit,2024-09-24,2029-09-23,Blocked
1770.0,,Debit,2024-09-25,2029-09-24,Blocked
268.0,2124.0,Credit,2024-09-25,2029-09-24,
1374.0,1655.0,,2024-09-26,2029-09-25,Expired
529.0,2459.0,Credit,,2029-09-25,Expired
1268.0,1674.0,Debit,2024-09-26,2029-09-25,Expired
,1636.0,Credit,,2029-09-25,Blocked
1622.0,2724.0,Debit,2024-09-27,2029-09-26,Expired
1454.0,1843.0,Debit,2024-09-27,2029-09-26,Active
208.0,,Credit,,2029-09-27,Expired
728.0,2639.0,Debit,2024-09-28,2029-09-27,Blocked
1659.0,2790.0,,2024-09-28,2029-09-27,Active
647.0,,Debit,2024-09-28,2029-09-27,Active
1851.0,1351.0,Credit,2024-09-29,2029-09-28,Blocked
1413.0,2505.0,Debit,2024-09-30,2029-09-29,Expired
1327.0,1598.0,Credit,2024-09-30,2029-09-29,Active
55.0,1099.0,,2024-09-30,2029-09-29,Expired
930.0,1278.0,Credit,2024-10-01,2029-09-30,Expired
1988.0,1768.0,,2024-10-01,2029-09-30,Expired
860.0,1065.0,Credit,2024-10-02,2029-10-01,Blocked
590.0,1632.0,Debit,2024-10-02,2029-10-01,
366.0,1585.0,Credit,2024-10-02,2029-10-01,Active
1195.0,2424.0,Credit,2024-10-02,2029-10-01,Active
952.0,1666.0,Debit,2024-10-03,2029-10-02,Expired
676.0,1608.0,Credit,2024-10-04,2029-10-03,Blocked
,2246.0,Debit,2024-10-04,2029-10-03,Active
1077.0,2126.0,Debit,2024-10-06,2029-10-05,Blocked
1615.0,1287.0,Credit,2024-10-06,2029-10-05,Blocked
83.0,1453.0,Credit,2024-10-06,2029-10-05,Active
1030.0,1142.0,Credit,2024-10-06,2029-10-05,Expired
1383.0,2796.0,Debit,2024-10-07,2029-10-06,Blocked
20.0,,Debit,2024-10-08,2029-10-07,Active
1369.0,1963.0,,2024-10-08,2029-10-07,Active
,1729.0,Credit,2024-10-08,2029-10-07,Active
1432.0,1720.0,Debit,2024-10-09,2029-10-08,Blocked
1797.0,1788.0,Debit,2024-10-10,2029-10-09,Blocked
194.0,1854.0,Credit,2024-10-10,,Active
1239.0,2016.0,Debit,2024-10-10,2029-10-09,Blocked
946.0,2652.0,Debit,2024-10-10,2029-10-09,Blocked
1544.0,1005.0,Debit,2024-10-10,2029-10-09,Active
,2399.0,Debit,2024-10-10,2029-10-09,Active
1332.0,,Credit,2024-10-10,2029-10-09,Active
1932.0,1445.0,Debit,2024-10-11,2029-10-10,Expired
916.0,2707.0,Debit,2024-10-11,2029-10-10,Expired
166.0,1730.0,Credit,2024-10-12,2029-10-11,Expired
1708.0,1640.0,Credit,2024-10-12,2029-10-11,Active
,2689.0,Debit,2024-10-12,2029-10-11,
721.0,1057.0,Debit,2024-10-12,2029-10-11,Blocked
692.0,2482.0,Credit,2024-10-12,,Active
1259.0,1540.0,Debit,2024-10-13,2029-10-12,Expired
28.0,1348.0,Credit,2024-10-13,2029-10-12,
1949.0,2473.0,,2024-10-13,2029-10-12,Active
1321.0,1246.0,Credit,,2029-10-12,Blocked
350.0,2309.0,Credit,2024-10-14,2029-10-13,Blocked
1603.0,2902.0,Credit,2024-10-14,2029-10-13,Blocked
47.0,1229.0,Credit,2024-10-14,2029-10-13,Active
1117.0,1013.0,Debit,2024-10-14,2029-10-13,Expired
621.0,2304.0,Credit,2024-10-14,2029-10-13,Blocked
608.0,2952.0,Credit,2024-10-15,2029-10-14,Expired
1571.0,1826.0,Debit,2024-10-15,,Blocked
1980.0,2959.0,Credit,2024-10-15,2029-10-14,Expired
849.0,1390.0,Credit,2024-10-16,2029-10-15,Expired
,1453.0,Debit,2024-10-17,2029-10-16,Expired
151.0,1279.0,Credit,2024-10-17,2029-10-16,Expired
1757.0,1137.0,Debit,2024-10-17,2029-10-16,Active
1865.0,1828.0,,2024-10-17,2029-10-16,Expired
1560.0,1115.0,Debit,2024-10-17,2029-10-16,Active
1914.0,1279.0,Credit,2024-10-18,2029-10-17,Active
232.0,2022.0,Credit,2024-10-18,2029-10-17,Blocked
1510.0,1436.0,Credit,2024-10-18,2029-10-17,Blocked
372.0,1751.0,Credit,2024-10-19,2029-10-18,Expired
2000.0,2516.0,Credit,,2029-10-19,Expired
657.0,1633.0,Debit,,2029-10-19,Active
325.0,2081.0,Debit,2024-10-21,2029-10-20,Expired
1079.0,2223.0,Credit,2024-10-21,2029-10-20,Active
72.0,1672.0,Credit,2024-10-23,2029-10-22,Expired
741.0,2223.0,Credit,2024-10-23,2029-10-22,Active
355.0,1774.0,Credit,2024-10-24,2029-10-23,Expired
1695.0,1695.0,Credit,2024-10-25,,Active
1312.0,1909.0,Debit,2024-10-25,2029-10-24,Active
573.0,1663.0,Debit,2024-10-25,2029-10-24,Active
5.0,1337.0,Debit,2024-10-26,2029-10-25,Active
1632.0,2361.0,Debit,2024-10-26,2029-10-25,Active
677.0,1122.0,Credit,,2029-10-26,Expired
13.0,2721.0,Credit,2024-10-27,2029-10-26,Blocked
133.0,1695.0,Credit,2024-10-27,2029-10-26,Expired
1601.0,1073.0,Debit,2024-10-27,2029-10-26,Blocked
103.0,2547.0,Debit,2024-10-27,2029-10-26,Expired
1513.0,1319.0,Credit,2024-10-27,2029-10-26,Blocked
298.0,1576.0,Debit,2024-10-27,2029-10-26,Blocked
733.0,2042.0,Debit,2024-10-27,2029-10-26,Blocked
113.0,1783.0,,2024-10-27,2029-10-26,
,2745.0,Credit,2024-10-28,2029-10-27,Expired
1653.0,1524.0,Credit,2024-10-28,2029-10-27,Expired
743.0,1189.0,Credit,2024-10-28,2029-10-27,Active
,2977.0,Credit,2024-10-30,2029-10-29,Active
1944.0,1292.0,Credit,2024-10-31,2029-10-30,Blocked
1429.0,1071.0,Debit,2024-10-31,2029-10-30,Blocked
1034.0,,Credit,2024-10-31,2029-10-30,Expired
310.0,1997.0,Credit,2024-10-31,2029-10-30,Active
965.0,1502.0,Debit,2024-11-01,2029-10-31,Blocked
878.0,2140.0,Debit,2024-11-01,2029-10-31,Active
1391.0,2574.0,Credit,2024-11-01,2029-10-31,Expired
1251.0,1475.0,Credit,2024-11-01,2029-10-31,Expired
491.0,,Debit,2024-11-02,2029-11-01,Active
575.0,2320.0,Debit,2024-11-02,,Active
979.0,1502.0,Debit,2024-11-02,2029-11-01,Blocked
662.0,2024.0,Credit,2024-11-02,2029-11-01,Expired
1230.0,2379.0,Credit,,2029-11-02,Expired
1567.0,1850.0,Credit,2024-11-03,2029-11-02,Active
1943.0,1775.0,Debit,2024-11-03,2029-11-02,Active
452.0,1582.0,Credit,2024-11-04,2029-11-03,Active
1936.0,2102.0,Debit,2024-11-04,2029-11-03,Expired
,2663.0,Debit,2024-11-04,2029-11-03,Active
920.0,1453.0,Debit,2024-11-05,2029-11-04,Active
1765.0,2638.0,Debit,2024-11-06,2029-11-05,Expired
,2717.0,Debit,2024-11-06,2029-11-05,Active
753.0,2117.0,Credit,2024-11-06,2029-11-05,Active
654.0,2383.0,,2024-11-06,,Blocked
214.0,,Credit,2024-11-07,2029-11-06,Expired
199.0,1419.0,Debit,2024-11-07,,Active
327.0,1148.0,,2024-11-07,2029-11-06,Active
63.0,2220.0,Debit,2024-11-07,2029-11-06,Blocked
,1962.0,Debit,,2029-11-07,
145.0,1923.0,Debit,2024-11-08,2029-11-07,Active
322.0,2352.0,Debit,2024-11-08,2029-11-07,Active
324.0,2210.0,Credit,2024-11-08,2029-11-07,Active
669.0,1592.0,Credit,2024-11-09,2029-11-08,Blocked
1807.0,2082.0,Credit,2024-11-09,2029-11-08,Expired
1991.0,2121.0,Credit,2024-11-09,2029-11-08,Blocked
1839.0,2464.0,Debit,2024-11-09,2029-11-08,Expired
702.0,1323.0,Credit,2024-11-10,2029-11-09,Expired
666.0,1736.0,Debit,2024-11-10,,Active
470.0,1899.0,Debit,2024-11-11,2029-11-10,Active
1896.0,2190.0,Debit,,2029-11-10,Active
1712.0,1851.0,Debit,2024-11-11,2029-11-10,
897.0,,Debit,2024-11-11,2029-11-10,Active
833.0,,Credit,,,Expired
1132.0,2688.0,Credit,2024-11-12,2029-11-11,Expired
52.0,,Credit,,2029-11-11,Active
1562.0,1850.0,Debit,,2029-11-12,Active
1224.0,2415.0,Debit,2024-11-14,2029-11-13,Expired
696.0,1160.0,,2024-11-14,2029-11-13,Blocked
1171.0,1054.0,,,2029-11-14,Expired
1075.0,1668.0,Debit,2024-11-15,2029-11-14,Active
1019.0,1008.0,Debit,2024-11-15,2029-11-14,
1320.0,2223.0,Credit,2024-11-16,2029-11-15,Blocked
,1328.0,Credit,,2029-11-15,Expired
1244.0,1534.0,Debit,2024-11-16,2029-11-15,Expired
1055.0,1179.0,Debit,2024-11-16,2029-11-15,Active
597.0,2309.0,Debit,2024-11-16,2029-11-15,Active
1277.0,1850.0,Credit,2024-11-16,2029-11-15,Blocked
1093.0,2644.0,Debit,2024-11-16,2029-11-15,
1726.0,1859.0,Debit,2024-11-17,2029-11-16,Blocked
697.0,2304.0,Credit,2024-11-17,2029-11-16,Active
885.0,2178.0,Credit,2024-11-18,2029-11-17,Blocked
,,Debit,2024-11-19,2029-11-18,
352.0,1890.0,Credit,,2029-11-18,Active
1979.0,2154.0,Debit,2024-11-19,2029-11-18,Expired
301.0,2888.0,Credit,2024-11-20,2029-11-19,Active
1850.0,1638.0,Credit,2024-11-20,2029-11-19,Active
895.0,1290.0,Debit,2024-11-20,2029-11-19,Expired
627.0,1096.0,Debit,2024-11-20,2029-11-19,Active
1579.0,1934.0,Credit,2024-11-21,2029-11-20,Expired
560.0,,Credit,2024-11-21,2029-11-20,Active
108.0,2091.0,Debit,2024-11-21,2029-11-20,Active
1843.0,2892.0,Credit,2024-11-22,2029-11-21,Active
549.0,2120.0,Debit,2024-11-22,2029-11-21,Blocked
1161.0,,Credit,2024-11-22,2029-11-21,Blocked
333.0,,Credit,2024-11-22,2029-11-21,
1399.0,2248.0,Credit,2024-11-23,2029-11-22,Expired
404.0,1267.0,Debit,2024-11-23,,Blocked
1172.0,1391.0,Debit,2024-11-24,2029-11-23,Blocked
1907.0,,,2024-11-24,2029-11-23,Blocked
,1836.0,Credit,2024-11-24,2029-11-23,Active
1735.0,1943.0,Debit,2024-11-25,2029-11-24,Blocked
650.0,2754.0,Debit,2024-11-25,2029-11-24,Expired
,2631.0,,2024-11-26,2029-11-25,Active
467.0,2475.0,Debit,2024-11-26,2029-11-25,Expired
561.0,1985.0,Debit,2024-11-26,,Expired
1983.0,1600.0,Debit,2024-11-26,2029-11-25,Blocked
1984.0,2317.0,Debit,2024-11-26,2029-11-25,Blocked
757.0,1500.0,Credit,2024-11-26,2029-11-25,Active
740.0,1873.0,Debit,2024-11-26,2029-11-25,Expired
1706.0,1976.0,Credit,2024-11-27,2029-11-26,Expired
1869.0,2232.0,Credit,2024-11-27,2029-11-26,Active
763.0,2963.0,Debit,2024-11-27,2029-11-26,Blocked
711.0,1031.0,Debit,2024-11-27,2029-11-26,Active
1616.0,2662.0,Debit,2024-11-28,2029-11-27,Active
594.0,1848.0,Credit,2024-11-28,2029-11-27,Blocked
,1820.0,Credit,2024-11-29,2029-11-28,Blocked
453.0,1009.0,Credit,2024-11-29,,Blocked
182.0,1773.0,Debit,2024-11-29,2029-11-28,Blocked
986.0,1867.0,Debit,,2029-11-28,Blocked
,1365.0,Credit,2024-12-01,,Expired
93.0,1960.0,Debit,2024-12-01,2029-11-30,Expired
94.0,1157.0,Debit,2024-12-02,2029-12-01,Expired
,2637.0,Credit,2024-12-02,2029-12-01,
1831.0,2153.0,Debit,2024-12-02,2029-12-01,Blocked
603.0,2769.0,Credit,,2029-12-02,Active
1214.0,1197.0,Credit,2024-12-03,2029-12-02,Blocked
995.0,2706.0,Credit,2024-12-03,2029-12-02,Expired
410.0,2522.0,Debit,2024-12-04,2029-12-03,Active
259.0,1896.0,Debit,2024-12-04,2029-12-03,Active
703.0,1351.0,Credit,2024-12-04,2029-12-03,Blocked
1934.0,1573.0,Credit,2024-12-05,2029-12-04,Expired
344.0,1346.0,Debit,2024-12-05,2029-12-04,Expired
1855.0,1067.0,,2024-12-06,2029-12-05,Blocked
1805.0,1790.0,Credit,,2029-12-05,Expired
723.0,1485.0,Debit,2024-12-06,2029-12-05,Active
412.0,2475.0,Credit,2024-12-06,2029-12-05,Blocked
,2920.0,Credit,2024-12-06,2029-12-05,Expired
1403.0,1356.0,Debit,2024-12-06,2029-12-05,
,2458.0,Debit,2024-12-07,2029-12-06,Expired
1604.0,1514.0,Credit,,2029-12-06,Expired
1485.0,,Credit,2024-12-07,2029-12-06,Active
927.0,2076.0,Credit,,2029-12-07,Blocked
384.0,1733.0,Credit,2024-12-08,2029-12-07,
841.0,1071.0,Debit,2024-12-09,2029-12-08,Blocked
284.0,1284.0,Credit,,2029-12-08,Active
1549.0,2272.0,,2024-12-09,2029-12-08,Active
114.0,2442.0,Credit,2024-12-09,2029-12-08,Expired
1023.0,1012.0,Debit,2024-12-09,2029-12-08,Expired
1078.0,1807.0,Credit,2024-12-09,2029-12-08,Blocked
1935.0,2468.0,Debit,2024-12-10,,Active
1310.0,2038.0,Debit,2024-12-12,2029-12-11,Active
955.0,2988.0,Debit,2024-12-13,2029-12-12,Blocked
636.0,2288.0,Credit,2024-12-13,2029-12-12,Expired
1071.0,1853.0,Debit,2024-12-14,2029-12-13,Active
919.0,2591.0,Debit,2024-12-15,2029-12-14,Blocked
110.0,1325.0,Credit,2024-12-15,2029-12-14,Active
282.0,1878.0,Debit,2024-12-16,2029-12-15,Expired
706.0,1237.0,Debit,2024-12-16,,
254.0,2988.0,Credit,2024-12-16,2029-12-15,Blocked
1772.0,2688.0,Debit,2024-12-17,2029-12-16,Active
223.0,1851.0,Credit,2024-12-17,2029-12-16,Expired
116.0,1696.0,Debit,2024-12-17,2029-12-16,Active
1722.0,,Debit,2024-12-18,2029-12-17,Expired
851.0,1264.0,Credit,2024-12-18,2029-12-17,Blocked
1959.0,2449.0,Debit,2024-12-18,2029-12-17,
616.0,2194.0,Debit,2024-12-18,2029-12-17,Active
580.0,,Credit,2024-12-18,2029-12-17,Expired
27.0,2908.0,Debit,2024-12-19,2029-12-18,Expired
1107.0,2914.0,Debit,2024-12-19,2029-12-18,Expired
1440.0,1752.0,Debit,,,Expired
213.0,1218.0,Debit,2024-12-20,2029-12-19,
1557.0,1909.0,Credit,2024-12-20,2029-12-19,Expired
123.0,2810.0,Debit,2024-12-21,2029-12-20,Expired
694.0,2639.0,Debit,2024-12-21,2029-12-20,Active
401.0,1546.0,Credit,2024-12-21,2029-12-20,Active
482.0,1060.0,Debit,,2029-12-20,Blocked
1542.0,2179.0,Debit,2024-12-22,2029-12-21,Expired
1443.0,1729.0,Credit,2024-12-22,2029-12-21,Expired
959.0,2707.0,Credit,2024-12-22,2029-12-21,Expired
1612.0,1689.0,,2024-12-22,2029-12-21,Expired
1681.0,2834.0,Credit,2024-12-23,2029-12-22,Expired
,1224.0,,2024-12-23,,Blocked
1826.0,,,2024-12-23,2029-12-22,Expired
1728.0,,Debit,2024-12-24,2029-12-23,Expired
1885.0,2769.0,Debit,,2029-12-24,Blocked
1849.0,1679.0,Credit,2024-12-25,2029-12-24,Active
1357.0,2787.0,Credit,2024-12-25,2029-12-24,Expired
1015.0,2553.0,Credit,2024-12-26,,Expired
1437.0,2993.0,Credit,2024-12-26,2029-12-25,Active
1086.0,2104.0,Credit,2024-12-27,,Expired
1586.0,1611.0,,2024-12-27,2029-12-26,Expired
303.0,1550.0,Debit,2024-12-28,2029-12-27,Blocked
1420.0,2197.0,Debit,2024-12-28,2029-12-27,Active
1145.0,1145.0,,2024-12-28,2029-12-27,Expired
1764.0,2183.0,,2024-12-28,2029-12-27,Expired
634.0,1500.0,Credit,2024-12-28,2029-12-27,Expired
1963.0,2520.0,,2024-12-29,2029-12-28,Active
349.0,2799.0,,,2029-12-28,Expired
1767.0,2149.0,Credit,2024-12-29,2029-12-28,Expired
,2101.0,Debit,2024-12-29,2029-12-28,Expired
263.0,2269.0,Credit,2024-12-29,2029-12-28,Expired
285.0,1289.0,Debit,2024-12-30,2029-12-29,Blocked
1638.0,1358.0,Debit,2024-12-31,2029-12-30,Expired
1479.0,1205.0,Credit,2025-01-01,2029-12-31,Active
1566.0,2290.0,,2025-01-01,,Active
1449.0,,Credit,2025-01-01,2029-12-31,Expired
1996.0,1027.0,Debit,2025-01-02,2030-01-01,Expired
394.0,2282.0,Debit,2025-01-03,2030-01-02,Active
348.0,2729.0,Debit,2025-01-03,2030-01-02,Blocked
,2561.0,Debit,,2030-01-02,Blocked
1649.0,,Debit,2025-01-04,2030-01-03,Blocked
,2142.0,Debit,2025-01-04,2030-01-03,Blocked
91.0,,Debit,2025-01-04,2030-01-03,Active
1745.0,2491.0,Credit,2025-01-05,,Expired
843.0,1222.0,Debit,2025-01-05,,Blocked
276.0,2107.0,Debit,2025-01-05,2030-01-04,Active
71.0,1491.0,,2025-01-05,2030-01-04,Blocked
46.0,1159.0,Debit,2025-01-06,2030-01-05,Expired
1011.0,2964.0,Credit,2025-01-07,2030-01-06,Active
1921.0,1304.0,,2025-01-07,,Active
,1438.0,Debit,2025-01-07,2030-01-06,Expired
363.0,2099.0,Credit,2025-01-07,2030-01-06,Active
1717.0,1210.0,Credit,2025-01-08,2030-01-07,Blocked
,2358.0,Credit,2025-01-08,2030-01-07,Expired
,2876.0,Credit,2025-01-09,2030-01-08,Blocked
130.0,1896.0,Debit,2025-01-10,2030-01-09,Expired
1920.0,2509.0,Credit,2025-01-10,2030-01-09,Blocked
396.0,1864.0,Debit,2025-01-10,2030-01-09,
364.0,2614.0,Credit,2025-01-10,2030-01-09,Blocked
928.0,,Credit,2025-01-11,2030-01-10,Active
1116.0,1040.0,Credit,2025-01-12,2030-01-11,Expired
848.0,2923.0,Credit,2025-01-12,2030-01-11,Active
,2286.0,Credit,2025-01-12,2030-01-11,Active
637.0,1552.0,,2025-01-13,2030-01-12,Expired
1676.0,,Debit,2025-01-13,2030-01-12,Active
31.0,2931.0,Debit,2025-01-14,2030-01-13,Expired
426.0,1561.0,Debit,2025-01-14,,Blocked
1749.0,,Credit,2025-01-15,2030-01-14,Expired
1625.0,,Debit,2025-01-15,2030-01-14,
577.0,,Debit,2025-01-16,2030-01-15,Active
826.0,1035.0,Credit,2025-01-16,2030-01-15,Active
262.0,2828.0,Debit,2025-01-16,2030-01-15,Blocked
668.0,1432.0,Debit,2025-01-17,2030-01-16,Active
1108.0,2789.0,Debit,2025-01-17,2030-01-16,Blocked
1816.0,2289.0,Credit,2025-01-17,2030-01-16,Blocked
393.0,2503.0,Debit,2025-01-17,2030-01-16,Expired
892.0,1953.0,Debit,2025-01-17,,Blocked
738.0,2865.0,Credit,2025-01-18,2030-01-17,Expired
475.0,2773.0,Debit,2025-01-18,2030-01-17,Expired
1439.0,2006.0,Debit,2025-01-18,2030-01-17,Blocked
1225.0,2192.0,Credit,2025-01-18,2030-01-17,Blocked
1056.0,2507.0,Debit,2025-01-19,2030-01-18,Blocked
44.0,2948.0,Credit,2025-01-19,2030-01-18,Active
1387.0,1620.0,Debit,2025-01-19,2030-01-18,Expired
,1310.0,,2025-01-19,2030-01-18,Blocked
1341.0,,Credit,2025-01-20,2030-01-19,Expired
,2750.0,Debit,2025-01-20,2030-01-19,Blocked
1538.0,1488.0,Debit,,2030-01-19,Expired
519.0,1394.0,Credit,2025-01-21,2030-01-20,Blocked
973.0,,Credit,2025-01-21,2030-01-20,
1600.0,2245.0,Debit,,,Active
12.0,2587.0,Credit,2025-01-23,2030-01-22,Expired
977.0,,Debit,2025-01-23,2030-01-22,Active
1446.0,2060.0,Debit,2025-01-23,2030-01-22,Blocked
796.0,1253.0,Debit,2025-01-25,2030-01-24,Expired
609.0,2083.0,Credit,2025-01-25,2030-01-24,Expired
1879.0,2585.0,Credit,2025-01-25,2030-01-24,Active
1611.0,1583.0,Debit,2025-01-26,2030-01-25,Active
1361.0,2086.0,Credit,2025-01-26,2030-01-25,Blocked
644.0,2342.0,Credit,2025-01-26,2030-01-25,Active
1447.0,1639.0,Credit,2025-01-27,2030-01-26,Blocked
569.0,2610.0,Debit,2025-01-27,2030-01-26,Active
297.0,2976.0,Credit,2025-01-27,,Expired
881.0,2039.0,Credit,2025-01-28,2030-01-27,
493.0,1360.0,Debit,2025-01-28,2030-01-27,Expired
126.0,1809.0,Debit,2025-01-29,2030-01-28,Active
1740.0,,Credit,2025-01-29,2030-01-28,Expired
1498.0,1595.0,Credit,2025-01-29,2030-01-28,Blocked
,1820.0,Debit,2025-01-29,,Active
121.0,1720.0,Credit,2025-01-30,2030-01-29,Active
572.0,1190.0,Credit,2025-01-30,2030-01-29,Expired
1452.0,1452.0,Debit,2025-01-31,2030-01-30,Blocked
122.0,1454.0,Credit,2025-02-01,2030-01-31,Active
238.0,1411.0,Credit,2025-02-01,2030-01-31,Blocked
922.0,1532.0,Debit,2025-02-02,2030-02-01,Blocked
1470.0,2207.0,Credit,2025-02-02,2030-02-01,Blocked
440.0,1122.0,Debit,2025-02-02,2030-02-01,Blocked
1063.0,2270.0,Debit,2025-02-02,2030-02-01,Active
1313.0,2095.0,Debit,,2030-02-03,Blocked
659.0,1277.0,Debit,2025-02-04,2030-02-03,
680.0,1634.0,Debit,2025-02-04,2030-02-03,Blocked
1756.0,1698.0,Credit,2025-02-05,,Expired
1670.0,,Credit,2025-02-06,2030-02-05,Expired
272.0,2753.0,Debit,2025-02-06,2030-02-05,Expired
1555.0,2996.0,Credit,2025-02-06,,
,2309.0,Credit,2025-02-06,2030-02-05,Expired
252.0,2393.0,,2025-02-07,2030-02-06,Active
1997.0,1455.0,Credit,2025-02-07,2030-02-06,Blocked
1870.0,2720.0,Credit,2025-02-07,2030-02-06,Active
329.0,1233.0,,2025-02-07,2030-02-06,Blocked
292.0,1778.0,Debit,2025-02-08,2030-02-07,Active
1219.0,1587.0,Credit,2025-02-09,2030-02-08,Blocked
1298.0,2972.0,Credit,2025-02-09,,Blocked
1688.0,1227.0,Debit,2025-02-09,,Expired
,2830.0,Debit,2025-02-09,2030-02-08,Blocked
1351.0,1898.0,Credit,2025-02-10,2030-02-09,Blocked
1144.0,1784.0,Credit,2025-02-10,,Blocked
1183.0,,Debit,2025-02-11,2030-02-10,
204.0,1210.0,Debit,2025-02-11,2030-02-10,Expired
299.0,1278.0,Debit,2025-02-11,2030-02-10,Expired
1434.0,1733.0,Credit,2025-02-11,2030-02-10,Blocked
1931.0,,Credit,,2030-02-10,Active
604.0,1070.0,Debit,,2030-02-10,Active
551.0,1657.0,Debit,2025-02-12,2030-02-11,Expired
357.0,,Debit,2025-02-12,2030-02-11,
1069.0,1872.0,Credit,2025-02-12,2030-02-11,Blocked
663.0,2244.0,Debit,2025-02-12,2030-02-11,Active
1821.0,2511.0,Credit,2025-02-12,2030-02-11,Expired
682.0,1102.0,Debit,2025-02-13,2030-02-12,Active
726.0,2220.0,Credit,2025-02-13,2030-02-12,Active
1716.0,2373.0,Credit,,2030-02-13,
538.0,2637.0,,,2030-02-13,Expired
120.0,2633.0,Credit,2025-02-15,2030-02-14,Active
294.0,,,2025-02-16,2030-02-15,Expired
944.0,,Credit,2025-02-16,2030-02-15,
601.0,1203.0,Credit,2025-02-17,2030-02-16,Active
1859.0,1433.0,Debit,2025-02-17,2030-02-16,Active
251.0,1331.0,Credit,2025-02-17,2030-02-16,
807.0,2274.0,Credit,,2030-02-17,Active
236.0,1083.0,Credit,2025-02-18,2030-02-17,Blocked
68.0,1040.0,Credit,2025-02-18,2030-02-17,Expired
1580.0,1525.0,Debit,2025-02-19,2030-02-18,Blocked
1525.0,2656.0,Credit,2025-02-19,,Blocked
1408.0,1517.0,Credit,2025-02-20,2030-02-19,Blocked
998.0,1979.0,,,2030-02-20,Expired
168.0,1426.0,,2025-02-21,2030-02-20,Blocked
,1180.0,,2025-02-22,2030-02-21,Expired
1509.0,1209.0,,2025-02-23,2030-02-22,Active
1352.0,2575.0,Debit,,2030-02-22,Blocked
286.0,2710.0,Debit,2025-02-24,2030-02-23,
1409.0,2909.0,,2025-02-24,2030-02-23,Active
,2930.0,Debit,2025-02-24,2030-02-23,Blocked
1940.0,2834.0,Debit,,2030-02-23,Active
146.0,2763.0,Debit,2025-02-24,2030-02-23,Blocked
1758.0,2472.0,Credit,,2030-02-23,Expired
1992.0,1227.0,,2025-02-25,2030-02-24,Active
1941.0,3000.0,Credit,2025-02-25,2030-02-24,Active
1924.0,2747.0,Debit,2025-02-26,2030-02-25,Active
1325.0,2404.0,Debit,2025-02-26,,Expired
1709.0,1627.0,Credit,2025-02-26,2030-02-25,Active
1964.0,2706.0,Credit,2025-02-26,2030-02-25,Active
1057.0,1074.0,Debit,2025-02-26,2030-02-25,Expired
1000.0,2567.0,Debit,2025-02-27,2030-02-26,Active
857.0,1094.0,Credit,2025-02-27,2030-02-26,Expired
1508.0,,Debit,2025-02-28,2030-02-27,Expired
705.0,2798.0,Credit,2025-02-28,2030-02-27,Expired
1521.0,1574.0,Credit,2025-03-01,,Blocked
1550.0,2270.0,Credit,2025-03-01,2030-02-28,Expired
1466.0,1921.0,Credit,2025-03-02,2030-03-01,Expired
1868.0,1908.0,Credit,2025-03-03,2030-03-02,Blocked
1186.0,,Credit,2025-03-03,2030-03-02,Active
504.0,,Credit,2025-03-04,2030-03-03,Expired
1262.0,1480.0,Credit,2025-03-04,2030-03-03,Expired
598.0,2612.0,Credit,2025-03-04,2030-03-03,Active
134.0,2963.0,Credit,2025-03-06,2030-03-05,Expired
1295.0,2120.0,Debit,2025-03-06,2030-03-05,Expired
1505.0,1627.0,Debit,2025-03-06,2030-03-05,Active
33.0,,Credit,2025-03-07,2030-03-06,
888.0,1643.0,Credit,2025-03-07,2030-03-06,Active
1512.0,1008.0,Credit,2025-03-07,,Expired
24.0,2741.0,Debit,2025-03-07,2030-03-06,Blocked
1149.0,2641.0,Credit,2025-03-07,2030-03-06,
499.0,1443.0,Credit,2025-03-08,2030-03-07,Active
1110.0,1133.0,Debit,2025-03-08,2030-03-07,Active
1292.0,2427.0,Debit,2025-03-09,2030-03-08,Blocked
1933.0,1382.0,Debit,2025-03-09,,Active
1064.0,1327.0,Credit,2025-03-09,2030-03-08,Expired
293.0,1719.0,Credit,2025-03-09,2030-03-08,Expired
837.0,1130.0,Credit,2025-03-09,2030-03-08,Active
,2235.0,Credit,2025-03-09,2030-03-08,Expired
1040.0,1397.0,Credit,2025-03-10,2030-03-09,Active
403.0,2921.0,Credit,2025-03-10,2030-03-09,Expired
825.0,1848.0,Debit,,2030-03-09,Expired
1215.0,1016.0,Debit,2025-03-11,2030-03-10,Blocked
,,Debit,2025-03-12,2030-03-11,Blocked
879.0,1209.0,Debit,2025-03-12,2030-03-11,Active
1009.0,1783.0,,2025-03-12,2030-03-11,Active
1986.0,1808.0,Credit,2025-03-13,2030-03-12,Blocked
,2777.0,Credit,2025-03-13,2030-03-12,Blocked
,1762.0,Debit,2025-03-13,2030-03-12,Active
1400.0,1414.0,Debit,2025-03-13,2030-03-12,Expired
1768.0,2656.0,Debit,2025-03-14,2030-03-13,Active
1743.0,2056.0,Credit,,2030-03-13,Blocked
1775.0,2648.0,Credit,2025-03-15,2030-03-14,Active
1236.0,,Debit,2025-03-15,2030-03-14,Expired
1694.0,1788.0,Credit,2025-03-15,2030-03-14,Active
839.0,2057.0,Debit,2025-03-15,,Active
84.0,2807.0,Debit,2025-03-15,2030-03-14,Active
365.0,2114.0,Credit,2025-03-16,2030-03-15,Blocked
1389.0,1888.0,Debit,2025-03-16,2030-03-15,
1474.0,,Credit,2025-03-16,2030-03-15,Blocked
1221.0,2356.0,Credit,2025-03-16,2030-03-15,Expired
,2811.0,Debit,2025-03-17,,Expired
98.0,2350.0,Credit,2025-03-18,2030-03-17,Expired
940.0,2811.0,Debit,2025-03-18,2030-03-17,Active
,2332.0,Debit,2025-03-18,2030-03-17,Expired
420.0,2761.0,Credit,2025-03-19,,Active
856.0,2308.0,Credit,2025-03-19,2030-03-18,Expired
862.0,1971.0,Debit,2025-03-19,2030-03-18,Blocked
1610.0,2862.0,Credit,,2030-03-19,Blocked
1635.0,1785.0,Debit,2025-03-20,2030-03-19,Expired
354.0,1956.0,Credit,2025-03-20,2030-03-19,Active
1675.0,2886.0,Debit,2025-03-20,2030-03-19,Active
1120.0,,Debit,2025-03-20,2030-03-19,Active
39.0,2442.0,Credit,2025-03-21,2030-03-20,Expired
517.0,1410.0,Credit,2025-03-21,2030-03-20,Blocked
639.0,2886.0,Debit,2025-03-22,2030-03-21,Expired
,1435.0,,,2030-03-22,Blocked
458.0,1391.0,Debit,2025-03-23,2030-03-22,Expired
336.0,2243.0,Debit,2025-03-23,2030-03-22,
1523.0,2040.0,Credit,2025-03-23,2030-03-22,Active
1331.0,2952.0,,2025-03-24,2030-03-23,Expired
1182.0,1669.0,Debit,2025-03-24,2030-03-23,Expired
1631.0,2080.0,Credit,2025-03-24,2030-03-23,Blocked
1363.0,1534.0,Debit,2025-03-25,2030-03-24,Expired
502.0,2387.0,Debit,2025-03-25,2030-03-24,Blocked
814.0,1507.0,Credit,,2030-03-24,Expired
1637.0,2547.0,Debit,2025-03-25,2030-03-24,Blocked
854.0,1073.0,Credit,2025-03-26,2030-03-25,Blocked
424.0,2157.0,Credit,2025-03-27,2030-03-26,Blocked
1461.0,2903.0,Credit,2025-03-27,2030-03-26,Blocked
521.0,1945.0,Debit,2025-03-28,2030-03-27,Blocked
1880.0,2143.0,Credit,2025-03-28,2030-03-27,Active
16.0,2164.0,Credit,2025-03-28,2030-03-27,Active
167.0,,Debit,2025-03-28,2030-03-27,
1614.0,1852.0,,2025-03-29,2030-03-28,Blocked
1968.0,2798.0,Debit,2025-03-29,2030-03-28,Active
230.0,1751.0,Credit,2025-03-29,2030-03-28,Expired
466.0,1109.0,Credit,2025-03-29,2030-03-28,Blocked
,1804.0,,2025-03-29,,Expired
1368.0,1667.0,Credit,,2030-03-29,Blocked
1558.0,2764.0,Credit,2025-03-30,,Active
291.0,2607.0,Credit,2025-03-30,2030-03-29,Blocked
,1697.0,Credit,2025-03-30,2030-03-29,Blocked
1245.0,1887.0,Debit,2025-03-31,,Active
1803.0,2088.0,Debit,2025-03-31,2030-03-30,Expired
6.0,1258.0,Credit,2025-03-31,2030-03-30,Active
926.0,1182.0,Credit,2025-04-01,2030-03-31,Expired
15.0,,Credit,2025-04-01,2030-03-31,Expired
535.0,1032.0,Credit,2025-04-02,2030-04-01,Active
1082.0,2634.0,Debit,2025-04-03,2030-04-02,Blocked
206.0,1143.0,Debit,2025-04-03,2030-04-02,Expired
,1635.0,Debit,,2030-04-03,Blocked
,1643.0,Credit,2025-04-05,2030-04-04,Active
778.0,2041.0,,2025-04-05,2030-04-04,Expired
1339.0,1006.0,Debit,2025-04-06,2030-04-05,Active
981.0,1208.0,Credit,2025-04-07,2030-04-06,Active
1895.0,2302.0,Credit,2025-04-07,,Expired
362.0,2730.0,Credit,2025-04-07,2030-04-06,Blocked
1809.0,1240.0,Debit,2025-04-07,2030-04-06,Active
1203.0,,Credit,2025-04-08,2030-04-07,Blocked
439.0,2370.0,Credit,2025-04-08,2030-04-07,
1148.0,1468.0,Credit,2025-04-08,2030-04-07,Active
1005.0,2965.0,Debit,,2030-04-08,Active
1267.0,,Credit,2025-04-09,2030-04-08,Expired
1915.0,2020.0,Debit,,2030-04-08,Active
1782.0,1337.0,Credit,2025-04-09,2030-04-08,
1486.0,2767.0,,2025-04-10,2030-04-09,Expired
534.0,,Debit,2025-04-10,2030-04-09,
1271.0,1141.0,Debit,2025-04-10,2030-04-09,Expired
1955.0,2086.0,Credit,2025-04-10,2030-04-09,Expired
432.0,,Debit,2025-04-10,2030-04-09,Expired
1972.0,1852.0,Debit,2025-04-11,2030-04-10,Expired
803.0,1941.0,Credit,2025-04-11,2030-04-10,Blocked
1646.0,1346.0,Debit,2025-04-11,2030-04-10,Active
1922.0,2271.0,Credit,2025-04-11,2030-04-10,Active
76.0,,Credit,2025-04-11,2030-04-10,Blocked
800.0,2328.0,Debit,2025-04-11,2030-04-10,Blocked
1913.0,2257.0,Credit,2025-04-11,2030-04-10,Expired
510.0,2490.0,Debit,2025-04-12,2030-04-11,
1445.0,1393.0,Credit,2025-04-12,2030-04-11,Blocked
117.0,2625.0,,2025-04-13,2030-04-12,Expired
1630.0,1007.0,Debit,2025-04-13,2030-04-12,Blocked
43.0,2454.0,Debit,2025-04-14,2030-04-13,Expired
1678.0,1231.0,Credit,2025-04-14,2030-04-13,Active
1101.0,2138.0,,2025-04-14,,Active
780.0,1289.0,Credit,2025-04-14,2030-04-13,Expired
687.0,2316.0,Credit,2025-04-14,2030-04-13,Active
840.0,,,2025-04-14,2030-04-13,Blocked
1147.0,2611.0,Debit,2025-04-15,2030-04-14,Blocked
1205.0,2973.0,,2025-04-15,,Active
,1371.0,Debit,2025-04-16,2030-04-15,Expired
957.0,2229.0,Debit,2025-04-18,2030-04-17,Expired
972.0,2448.0,Debit,2025-04-18,2030-04-17,Expired
25.0,1730.0,Debit,2025-04-18,2030-04-17,Blocked
1725.0,1839.0,Debit,2025-04-19,2030-04-18,Active
,,Credit,2025-04-19,2030-04-18,Blocked
1288.0,2128.0,Debit,2025-04-19,2030-04-18,Blocked
486.0,,Debit,,2030-04-18,Blocked
446.0,2121.0,Credit,2025-04-19,2030-04-18,Active
1478.0,1071.0,Debit,2025-04-20,2030-04-19,Active
161.0,,Credit,2025-04-20,2030-04-19,Active
643.0,2423.0,Credit,2025-04-21,2030-04-20,Expired
1465.0,2701.0,Debit,2025-04-21,2030-04-20,Blocked
587.0,1121.0,Debit,2025-04-21,2030-04-20,Expired
4.0,2721.0,Debit,,2030-04-21,
,1588.0,Credit,2025-04-22,2030-04-21,Blocked
449.0,2591.0,Debit,2025-04-22,2030-04-21,Blocked
987.0,2839.0,Credit,2025-04-22,2030-04-21,Active
1970.0,2805.0,Debit,2025-04-23,2030-04-22,Active
,1416.0,Credit,2025-04-23,2030-04-22,Blocked
1401.0,2439.0,,2025-04-23,2030-04-22,Active
585.0,1053.0,Credit,2025-04-23,2030-04-22,Blocked
170.0,1339.0,Debit,2025-04-24,2030-04-23,
1305.0,2526.0,Debit,2025-04-24,2030-04-23,Active
788.0,1121.0,,2025-04-25,2030-04-24,Expired
1337.0,2120.0,Credit,2025-04-26,2030-04-25,Active
11.0,1650.0,Debit,2025-04-26,2030-04-25,Expired
1419.0,2774.0,Credit,2025-04-27,2030-04-26,Expired
1520.0,1282.0,Debit,2025-04-27,2030-04-26,
896.0,1860.0,Credit,2025-04-27,2030-04-26,Expired
1731.0,2942.0,Credit,2025-04-27,2030-04-26,Blocked
494.0,2379.0,Credit,2025-04-27,2030-04-26,Active
1285.0,2833.0,Debit,2025-04-27,2030-04-26,Expired
520.0,1691.0,Credit,2025-04-28,2030-04-27,Blocked
1377.0,,Credit,2025-04-28,2030-04-27,Blocked
853.0,1353.0,Debit,2025-04-29,2030-04-28,Active
407.0,2376.0,Debit,,2030-04-28,Blocked
1209.0,1514.0,Debit,2025-04-30,2030-04-29,Expired
,1389.0,Debit,2025-04-30,2030-04-29,Active
1519.0,,Debit,2025-04-30,2030-04-29,Active
1150.0,1082.0,Credit,2025-04-30,2030-04-29,Blocked
,1474.0,Debit,,2030-04-29,Expired
792.0,2921.0,Credit,2025-05-01,2030-04-30,Expired
793.0,2827.0,Credit,2025-05-01,2030-04-30,Expired
1252.0,1704.0,Debit,2025-05-01,2030-04-30,Active
428.0,1004.0,Credit,2025-05-02,2030-05-01,Blocked
508.0,1603.0,Debit,2025-05-02,2030-05-01,Active
1090.0,1139.0,Credit,2025-05-02,2030-05-01,
1662.0,2820.0,Debit,,2030-05-01,Active
1747.0,2265.0,Credit,2025-05-02,2030-05-01,Blocked
985.0,1897.0,Credit,2025-05-03,2030-05-02,Active
877.0,1732.0,Debit,2025-05-03,2030-05-02,Expired
152.0,1909.0,Credit,2025-05-04,2030-05-03,Blocked
385.0,,Debit,2025-05-04,2030-05-03,Active
1340.0,2604.0,Debit,2025-05-04,2030-05-03,Active
373.0,2246.0,Debit,,2030-05-03,
408.0,1230.0,Debit,2025-05-04,2030-05-03,Expired
1664.0,2642.0,Debit,2025-05-05,2030-05-04,Blocked
1629.0,2608.0,Credit,2025-05-06,2030-05-05,Active
1892.0,2007.0,Debit,2025-05-06,2030-05-05,Blocked
,2174.0,,2025-05-07,,Active
,2301.0,Credit,2025-05-07,2030-05-06,Expired
1328.0,1740.0,Debit,2025-05-08,2030-05-07,Active
1201.0,1127.0,Debit,2025-05-08,2030-05-07,Blocked
686.0,2149.0,Credit,2025-05-08,2030-05-07,Active
1496.0,2258.0,Credit,2025-05-08,2030-05-07,Expired
115.0,2920.0,Credit,2025-05-09,,
1607.0,2727.0,Debit,2025-05-09,2030-05-08,Blocked
1237.0,1914.0,,2025-05-09,2030-05-08,Expired
,2915.0,Debit,2025-05-09,2030-05-08,Active
,1956.0,Debit,2025-05-09,2030-05-08,Blocked
163.0,,Credit,2025-05-10,2030-05-09,Expired
267.0,1074.0,Debit,2025-05-10,2030-05-09,Expired
18.0,1589.0,Debit,2025-05-10,2030-05-09,Expired
178.0,2933.0,Credit,2025-05-11,2030-05-10,Blocked
381.0,1296.0,Credit,,2030-05-10,Expired
1487.0,1135.0,Debit,2025-05-11,2030-05-10,
801.0,1088.0,,2025-05-12,2030-05-11,Blocked
353.0,1334.0,Credit,2025-05-12,2030-05-11,Blocked
660.0,2782.0,Debit,,2030-05-12,Expired
73.0,2828.0,Credit,2025-05-14,2030-05-13,Expired
,2551.0,Debit,2025-05-14,2030-05-13,Expired
1806.0,1189.0,Debit,2025-05-15,2030-05-14,Blocked
313.0,2064.0,Credit,2025-05-15,2030-05-14,Blocked
,1953.0,Credit,2025-05-15,2030-05-14,Expired
99.0,1543.0,Credit,2025-05-15,2030-05-14,Blocked
1727.0,1682.0,Debit,,2030-05-14,Blocked
,1603.0,Credit,2025-05-15,2030-05-14,Blocked
,1686.0,Debit,2025-05-15,2030-05-14,Active
462.0,2836.0,Credit,2025-05-15,2030-05-14,
762.0,1660.0,Debit,2025-05-16,2030-05-15,Active
900.0,2615.0,Credit,2025-05-17,2030-05-16,Active
1677.0,,Credit,2025-05-17,2030-05-16,Blocked
3.0,1813.0,Credit,,2030-05-16,Expired
87.0,2245.0,Credit,2025-05-18,2030-05-17,Expired
,2786.0,Debit,2025-05-18,2030-05-17,Expired
1270.0,2616.0,Debit,2025-05-19,2030-05-18,Expired
1841.0,1753.0,Debit,2025-05-20,2030-05-19,Expired
1691.0,1504.0,Debit,,2030-05-20,Active
398.0,1271.0,Credit,2025-05-21,2030-05-20,
961.0,1414.0,Credit,2025-05-22,2030-05-21,
1297.0,2142.0,Debit,2025-05-22,2030-05-21,Expired
976.0,,Credit,,2030-05-21,Expired
1123.0,1764.0,Debit,2025-05-23,2030-05-22,Expired
320.0,1613.0,Credit,2025-05-23,2030-05-22,Expired
1482.0,2853.0,Debit,2025-05-23,2030-05-22,Active
1648.0,1637.0,Credit,2025-05-23,2030-05-22,Expired
1458.0,2121.0,,,2030-05-22,Active
,,Credit,2025-05-24,2030-05-23,Active
1179.0,1122.0,Debit,2025-05-25,2030-05-24,Active
,,Debit,2025-05-26,2030-05-25,Expired
1599.0,2161.0,Debit,2025-05-26,2030-05-25,Expired
1084.0,2595.0,Debit,2025-05-27,2030-05-26,Expired
1483.0,1783.0,Credit,,2030-05-26,Blocked
1584.0,1803.0,Credit,2025-05-27,2030-05-26,Active
1137.0,,,2025-05-28,2030-05-27,Blocked
,1316.0,Credit,2025-05-28,2030-05-27,Blocked
,2954.0,Debit,,2030-05-27,Expired
908.0,2607.0,Debit,2025-05-28,2030-05-27,Active
809.0,,Credit,2025-05-29,2030-05-28,Blocked
1627.0,1912.0,Debit,2025-05-29,2030-05-28,Blocked
1494.0,2382.0,Debit,2025-05-29,2030-05-28,Expired
1827.0,2075.0,Credit,2025-05-29,2030-05-28,Blocked
607.0,1952.0,Credit,2025-05-30,,Active
584.0,2853.0,Debit,2025-05-30,2030-05-29,Blocked
1795.0,1260.0,Credit,2025-05-30,,Expired
936.0,2515.0,Debit,2025-05-31,,Expired
,1993.0,,2025-05-31,2030-05-30,Blocked
646.0,2533.0,Credit,2025-06-01,,
1864.0,2451.0,Debit,2025-06-02,2030-06-01,Blocked
1501.0,2038.0,Debit,2025-06-02,2030-06-01,Active
1845.0,1101.0,Debit,,2030-06-02,Expired
547.0,1527.0,Debit,2025-06-03,2030-06-02,Blocked
672.0,1610.0,Credit,2025-06-03,2030-06-02,Blocked
980.0,1443.0,Debit,2025-06-04,2030-06-03,Active
1624.0,1921.0,Credit,2025-06-04,2030-06-03,Blocked
302.0,2485.0,,2025-06-04,2030-06-03,Blocked
1248.0,2281.0,Debit,2025-06-04,2030-06-03,Expired
1026.0,1428.0,Credit,2025-06-04,2030-06-03,Active
339.0,2816.0,Credit,2025-06-04,2030-06-03,Active
1573.0,2766.0,Credit,2025-06-05,2030-06-04,Expired
1364.0,2778.0,Debit,2025-06-05,2030-06-04,Blocked
1358.0,2036.0,Debit,2025-06-06,2030-06-05,Expired
1232.0,1350.0,Credit,2025-06-06,2030-06-05,
1455.0,1294.0,Credit,2025-06-07,2030-06-06,Blocked
1113.0,1828.0,Debit,2025-06-08,2030-06-07,Blocked
128.0,,Credit,2025-06-08,2030-06-07,Expired
436.0,1840.0,Credit,2025-06-09,2030-06-08,Expired
,2742.0,Debit,2025-06-09,2030-06-08,Active
1338.0,2501.0,Credit,2025-06-09,2030-06-08,Active
715.0,1059.0,Credit,2025-06-10,2030-06-09,
950.0,2718.0,Credit,2025-06-10,2030-06-09,Expired
768.0,1140.0,Debit,,2030-06-09,Active
1641.0,,Credit,2025-06-11,2030-06-10,Blocked
963.0,2786.0,Debit,2025-06-11,2030-06-10,Expired
38.0,2756.0,Credit,2025-06-12,2030-06-11,Active
242.0,1685.0,,2025-06-13,,Blocked
1517.0,1775.0,Debit,2025-06-13,2030-06-12,Blocked
1500.0,2425.0,Credit,2025-06-13,,Expired
270.0,1896.0,Credit,2025-06-13,2030-06-12,Active
,1728.0,Debit,2025-06-14,2030-06-13,Expired
527.0,1965.0,Debit,2025-06-14,2030-06-13,Blocked
883.0,1071.0,Credit,,2030-06-13,Expired
704.0,1834.0,Debit,2025-06-14,2030-06-13,Expired
54.0,1410.0,Debit,2025-06-14,2030-06-13,
1153.0,1144.0,Debit,,2030-06-14,Expired
1595.0,1048.0,Debit,2025-06-15,2030-06-14,Active
1665.0,1200.0,Credit,2025-06-16,2030-06-15,Expired
620.0,1387.0,Debit,2025-06-16,2030-06-15,Blocked
1769.0,,Credit,2025-06-16,2030-06-15,Expired
1013.0,2485.0,Debit,2025-06-17,2030-06-16,Expired
107.0,1244.0,Debit,2025-06-17,2030-06-16,Expired
274.0,1845.0,Credit,2025-06-17,2030-06-16,Blocked
1737.0,2795.0,Credit,2025-06-18,2030-06-17,Expired
990.0,1400.0,,2025-06-19,2030-06-18,Expired
,,Credit,2025-06-19,2030-06-18,Blocked
,1013.0,Debit,2025-06-19,2030-06-18,Blocked
1255.0,1864.0,Debit,2025-06-19,2030-06-18,Expired
,2772.0,Debit,2025-06-20,2030-06-19,Active
1804.0,1860.0,Debit,2025-06-20,2030-06-19,Expired
745.0,2410.0,,2025-06-20,,Expired
779.0,1058.0,Debit,,2030-06-19,Blocked
890.0,2387.0,Credit,2025-06-20,2030-06-19,Expired
1306.0,1303.0,Debit,2025-06-21,2030-06-20,Expired
,1962.0,,2025-06-21,,Blocked
193.0,2242.0,Debit,2025-06-21,2030-06-20,Expired
186.0,1879.0,,2025-06-21,2030-06-20,Blocked
1874.0,2363.0,,2025-06-21,2030-06-20,Active
,1162.0,Debit,2025-06-22,2030-06-21,Blocked
1412.0,2631.0,Credit,2025-06-22,2030-06-21,Blocked
,1164.0,Credit,2025-06-23,2030-06-22,Blocked
1910.0,2983.0,,2025-06-23,2030-06-22,Active
1427.0,2704.0,,,2030-06-22,Blocked
,2596.0,Debit,2025-06-23,,Active
345.0,,Credit,2025-06-23,2030-06-22,Expired
37.0,2605.0,Debit,2025-06-24,2030-06-23,Active
1929.0,2110.0,Debit,,2030-06-23,
334.0,1876.0,Debit,2025-06-25,2030-06-24,Active
752.0,2366.0,Debit,2025-06-25,2030-06-24,Blocked
1918.0,1858.0,Debit,2025-06-26,2030-06-25,Blocked
1796.0,2107.0,Debit,2025-06-26,2030-06-25,Blocked
287.0,2329.0,Debit,2025-06-26,2030-06-25,Blocked
1882.0,2080.0,Debit,2025-06-27,2030-06-26,
522.0,2864.0,Credit,2025-06-28,2030-06-27,Active
993.0,1815.0,Credit,2025-06-28,2030-06-27,Blocked
1994.0,1453.0,,2025-06-29,2030-06-28,Active
278.0,2448.0,Debit,2025-06-30,2030-06-29,Active
1151.0,2876.0,Credit,2025-06-30,2030-06-29,Expired
516.0,2718.0,Debit,2025-06-30,2030-06-29,Expired
1912.0,1267.0,Credit,2025-07-01,2030-06-30,Active
925.0,2542.0,Debit,2025-07-01,2030-06-30,Blocked
1511.0,1622.0,Credit,2025-07-01,2030-06-30,Active
939.0,2390.0,Debit,2025-07-01,2030-06-30,Blocked
874.0,2499.0,Credit,2025-07-02,2030-07-01,Blocked
332.0,1833.0,Debit,2025-07-02,2030-07-01,Active
1774.0,1248.0,Credit,2025-07-02,2030-07-01,Expired
948.0,2565.0,Credit,2025-07-02,2030-07-01,Blocked
57.0,2615.0,Credit,2025-07-02,2030-07-01,Expired
1564.0,2027.0,Debit,2025-07-03,,Active
523.0,1265.0,Debit,2025-07-03,2030-07-02,Blocked
1904.0,1002.0,Debit,2025-07-04,2030-07-03,Expired
904.0,2329.0,Credit,2025-07-05,2030-07-04,Active
600.0,2253.0,Credit,2025-07-05,2030-07-04,Blocked
205.0,1147.0,Debit,2025-07-06,2030-07-05,Active
478.0,1157.0,Debit,2025-07-06,2030-07-05,Active
1878.0,2282.0,Credit,2025-07-06,2030-07-05,Expired
556.0,2480.0,Credit,2025-07-06,2030-07-05,Active
119.0,1289.0,Credit,2025-07-07,2030-07-06,Blocked
,2619.0,Debit,2025-07-07,2030-07-06,Blocked
1164.0,1867.0,,2025-07-07,2030-07-06,Active
1477.0,2059.0,Credit,2025-07-07,2030-07-06,Active
1091.0,1234.0,Debit,2025-07-08,,Active
261.0,1897.0,Debit,2025-07-08,2030-07-07,
1527.0,2954.0,Credit,2025-07-09,2030-07-08,Expired
275.0,1492.0,Debit,2025-07-10,2030-07-09,Expired
1457.0,2621.0,Credit,2025-07-10,2030-07-09,
132.0,1720.0,Credit,2025-07-11,2030-07-10,Active
1027.0,1563.0,Credit,2025-07-11,2030-07-10,Active
,1477.0,Debit,,2030-07-12,Blocked
239.0,1443.0,Debit,2025-07-13,2030-07-12,Blocked
1682.0,1853.0,Debit,2025-07-14,2030-07-13,
1576.0,2219.0,,2025-07-14,2030-07-13,Expired
1597.0,2493.0,Debit,2025-07-16,2030-07-15,Expired
859.0,1794.0,Credit,2025-07-16,2030-07-15,
1799.0,2478.0,Credit,2025-07-16,2030-07-15,Expired
,1494.0,Debit,2025-07-16,2030-07-15,Blocked
1860.0,1258.0,Credit,2025-07-16,2030-07-15,Blocked
563.0,2862.0,Credit,2025-07-17,2030-07-16,Blocked
1937.0,1013.0,Debit,2025-07-18,2030-07-17,Expired
699.0,1999.0,Debit,2025-07-18,,Expired
1051.0,1635.0,Credit,2025-07-18,2030-07-17,
1791.0,1657.0,Credit,2025-07-19,2030-07-18,Active
776.0,1678.0,Debit,2025-07-19,2030-07-18,Expired
701.0,1788.0,Credit,2025-07-20,2030-07-19,Blocked
,,Credit,2025-07-21,2030-07-20,
,2343.0,Credit,2025-07-21,,
855.0,1329.0,Debit,,2030-07-20,Active
772.0,2263.0,Debit,2025-07-21,2030-07-20,Expired
554.0,1834.0,Credit,2025-07-22,2030-07-21,Expired
648.0,1605.0,Credit,2025-07-23,2030-07-22,Active
248.0,,Debit,2025-07-23,2030-07-22,Active
451.0,1325.0,Debit,2025-07-23,2030-07-22,Expired
1568.0,2769.0,Debit,2025-07-24,2030-07-23,Expired
319.0,1736.0,Credit,2025-07-24,2030-07-23,Active
1533.0,2551.0,Debit,2025-07-24,2030-07-23,Active
671.0,2125.0,Credit,2025-07-24,2030-07-23,Blocked
766.0,1517.0,Debit,2025-07-24,2030-07-23,Blocked
246.0,2470.0,Debit,2025-07-25,,Blocked
,1807.0,Debit,2025-07-25,2030-07-24,Expired
1193.0,2279.0,Debit,2025-07-26,2030-07-25,Blocked
1592.0,1578.0,Credit,2025-07-26,2030-07-25,
1334.0,1220.0,Credit,2025-07-26,2030-07-25,Active
86.0,1543.0,Debit,2025-07-27,2030-07-26,Active
,2413.0,Credit,2025-07-27,2030-07-26,Expired
158.0,2246.0,,2025-07-28,2030-07-27,Expired
773.0,2385.0,Debit,2025-07-28,,Blocked
810.0,1623.0,,2025-07-28,2030-07-27,Active
391.0,1579.0,Credit,2025-07-28,2030-07-27,Active
1169.0,1601.0,Credit,2025-07-28,2030-07-27,Blocked
915.0,2056.0,Credit,2025-07-28,2030-07-27,Active
806.0,2934.0,Credit,2025-07-29,2030-07-28,Active
505.0,1933.0,Debit,2025-07-29,2030-07-28,Expired
1529.0,1391.0,Credit,2025-07-29,2030-07-28,Expired
917.0,1571.0,Debit,2025-07-30,2030-07-29,Active
1545.0,1629.0,Debit,2025-07-30,,Active
1867.0,1060.0,Debit,2025-07-30,2030-07-29,Blocked
817.0,2558.0,,2025-07-30,2030-07-29,
1130.0,2260.0,Debit,2025-07-30,2030-07-29,Expired
1098.0,1091.0,Debit,2025-07-31,2030-07-30,Active
1122.0,1284.0,Debit,2025-07-31,2030-07-30,Blocked
65.0,2168.0,Credit,2025-07-31,2030-07-30,Active
386.0,1812.0,Debit,2025-07-31,2030-07-30,Active
,,Debit,2025-07-31,2030-07-30,Blocked
653.0,1799.0,Debit,2025-08-01,2030-07-31,Expired
1715.0,2044.0,Debit,2025-08-01,2030-07-31,Blocked
399.0,,Debit,2025-08-02,2030-08-01,Blocked
861.0,2830.0,Debit,2025-08-02,2030-08-01,
53.0,2480.0,Debit,2025-08-03,2030-08-02,Active
,1293.0,Credit,2025-08-04,2030-08-03,Blocked
1133.0,1653.0,Credit,,2030-08-03,Blocked
,1525.0,Credit,2025-08-04,2030-08-03,Expired
,1869.0,,2025-08-04,2030-08-03,Blocked
1204.0,2608.0,,2025-08-04,2030-08-03,Expired
237.0,2018.0,Debit,2025-08-04,,Active
1356.0,2780.0,Credit,2025-08-04,2030-08-03,Active
157.0,2161.0,Debit,2025-08-05,2030-08-04,Expired
1906.0,1765.0,Debit,2025-08-05,2030-08-04,Blocked
564.0,2822.0,,2025-08-06,2030-08-05,Expired
570.0,1216.0,Debit,2025-08-07,2030-08-06,Active
1836.0,2487.0,Credit,2025-08-07,2030-08-06,Active
1190.0,2923.0,Debit,2025-08-08,2030-08-07,Active
1598.0,2533.0,Debit,2025-08-09,2030-08-08,Blocked
1157.0,1549.0,Debit,2025-08-10,,Expired
1020.0,2077.0,Debit,2025-08-10,2030-08-09,Active
397.0,,Debit,2025-08-11,2030-08-10,Expired
474.0,2310.0,Debit,,2030-08-11,
1734.0,2709.0,Credit,2025-08-12,2030-08-11,Blocked
1817.0,2616.0,Credit,2025-08-12,2030-08-11,Blocked
265.0,2647.0,Credit,2025-08-13,2030-08-12,Active
1620.0,2227.0,Debit,2025-08-13,2030-08-12,
62.0,1552.0,Debit,2025-08-13,2030-08-12,Blocked
864.0,1882.0,Debit,2025-08-13,2030-08-12,Blocked
805.0,,Debit,2025-08-14,2030-08-13,Expired
1102.0,1199.0,Debit,2025-08-14,2030-08-13,Blocked
974.0,2963.0,Debit,2025-08-14,2030-08-13,Expired
200.0,1770.0,Credit,2025-08-14,2030-08-13,Blocked
1323.0,2493.0,Credit,2025-08-14,,Blocked
819.0,1341.0,Credit,2025-08-15,2030-08-14,Expired
875.0,2944.0,Debit,2025-08-15,2030-08-14,Blocked
1581.0,,Credit,2025-08-15,2030-08-14,Expired
1226.0,2966.0,Debit,2025-08-16,2030-08-15,Active
858.0,,Credit,2025-08-16,2030-08-15,Active
918.0,2524.0,Debit,2025-08-16,2030-08-15,Active
828.0,1140.0,Debit,2025-08-17,2030-08-16,Active
1881.0,2009.0,Credit,2025-08-17,2030-08-16,Expired
1227.0,1491.0,Credit,2025-08-18,2030-08-17,Active
1451.0,2132.0,Debit,2025-08-19,2030-08-18,Blocked
253.0,2961.0,Debit,2025-08-19,2030-08-18,Expired
269.0,2338.0,Debit,2025-08-19,2030-08-18,Active
498.0,1829.0,Credit,2025-08-19,2030-08-18,Expired
1837.0,2082.0,Credit,2025-08-19,2030-08-18,Expired
1250.0,2176.0,Credit,2025-08-19,2030-08-18,Expired
417.0,2329.0,Debit,2025-08-19,2030-08-18,Expired
774.0,2406.0,Debit,2025-08-20,2030-08-19,Blocked
770.0,2998.0,Credit,2025-08-20,2030-08-19,Expired
1658.0,2784.0,,,2030-08-19,
209.0,2212.0,Debit,2025-08-21,2030-08-20,Expired
531.0,2606.0,Credit,2025-08-21,2030-08-20,Expired
1002.0,1673.0,Debit,2025-08-21,2030-08-20,Blocked
1134.0,2969.0,Debit,2025-08-21,2030-08-20,Blocked
,2971.0,Credit,2025-08-22,2030-08-21,Active
1326.0,1248.0,Credit,2025-08-22,2030-08-21,Expired
,1883.0,Credit,2025-08-23,2030-08-22,Blocked
1636.0,1765.0,,2025-08-23,2030-08-22,Active
1507.0,2792.0,Credit,2025-08-24,2030-08-23,Blocked
221.0,1010.0,,2025-08-24,2030-08-23,Expired
1073.0,2607.0,Credit,2025-08-24,,Active
744.0,2088.0,,2025-08-24,2030-08-23,Active
311.0,1459.0,,2025-08-25,2030-08-24,
,,,2025-08-25,2030-08-24,Blocked
751.0,2705.0,,2025-08-26,2030-08-25,
1104.0,2380.0,Debit,2025-08-26,2030-08-25,Active
32.0,1126.0,,2025-08-26,2030-08-25,Expired
1897.0,2430.0,,2025-08-27,2030-08-26,Active
956.0,1594.0,Credit,,2030-08-26,Expired
1884.0,1934.0,Credit,2025-08-27,2030-08-26,Blocked
1492.0,2375.0,Credit,2025-08-27,2030-08-26,Expired
1185.0,2702.0,Debit,2025-08-28,2030-08-27,Active
1087.0,2859.0,,2025-08-28,,Active
,2314.0,Credit,2025-08-28,2030-08-27,Active
589.0,1614.0,Debit,2025-08-28,2030-08-27,Active
1889.0,,Debit,2025-08-30,2030-08-29,Blocked
593.0,2824.0,Debit,2025-08-30,2030-08-29,Expired
838.0,1299.0,,2025-08-30,2030-08-29,Blocked
1083.0,1273.0,Debit,2025-08-30,2030-08-29,Expired
734.0,,Debit,2025-09-01,2030-08-31,Active
1303.0,2784.0,Credit,2025-09-01,2030-08-31,Active
1246.0,2855.0,Credit,2025-09-01,2030-08-31,Blocked
131.0,2493.0,Debit,2025-09-03,,Blocked
1916.0,,Credit,2025-09-04,2030-09-03,Active
1639.0,2850.0,Credit,2025-09-04,2030-09-03,Blocked
104.0,2198.0,Debit,2025-09-04,,Expired
1702.0,1705.0,Debit,2025-09-05,2030-09-04,Blocked
1348.0,1207.0,Debit,2025-09-06,2030-09-05,Blocked
78.0,1755.0,Credit,2025-09-06,2030-09-05,Blocked
791.0,2725.0,,2025-09-07,2030-09-06,Active
1506.0,1426.0,Debit,2025-09-08,2030-09-07,Expired
1730.0,1891.0,Credit,2025-09-08,2030-09-07,Active
,2072.0,Debit,2025-09-08,2030-09-07,
1384.0,1027.0,Debit,2025-09-08,2030-09-07,Blocked
795.0,,Credit,2025-09-09,2030-09-08,Blocked
1626.0,1385.0,Debit,2025-09-09,2030-09-08,Active
1522.0,2531.0,Credit,2025-09-10,,Active
714.0,1277.0,Credit,2025-09-11,2030-09-10,Blocked
872.0,2589.0,Credit,2025-09-11,2030-09-10,Blocked
1829.0,2314.0,Credit,2025-09-11,2030-09-10,Blocked
1024.0,1664.0,Debit,2025-09-12,2030-09-11,Active
685.0,2968.0,Credit,2025-09-12,2030-09-11,Expired
610.0,2877.0,,2025-09-12,2030-09-11,Active
1290.0,2193.0,Debit,2025-09-12,2030-09-11,Expired
323.0,1291.0,Debit,2025-09-13,,Blocked
1442.0,2583.0,,2025-09-14,2030-09-13,
1165.0,2510.0,Debit,2025-09-14,2030-09-13,Blocked
1324.0,1880.0,,2025-09-14,2030-09-13,Blocked
1886.0,2502.0,,2025-09-14,,Active
459.0,1255.0,Debit,2025-09-15,2030-09-14,Expired
1354.0,1214.0,Credit,2025-09-15,2030-09-14,Active
1812.0,1190.0,Credit,2025-09-15,2030-09-14,Blocked
256.0,2650.0,Credit,2025-09-15,2030-09-14,Expired
97.0,1882.0,Debit,2025-09-16,2030-09-15,
656.0,2648.0,Credit,,2030-09-15,Active
1140.0,1954.0,Debit,2025-09-16,2030-09-15,Expired
476.0,2840.0,Debit,2025-09-16,2030-09-15,Active
1925.0,2079.0,Credit,,2030-09-16,Expired
1838.0,2504.0,,2025-09-17,2030-09-16,
739.0,1844.0,Debit,2025-09-17,2030-09-16,Expired
820.0,1765.0,Credit,2025-09-18,2030-09-17,Expired
1468.0,1538.0,Debit,2025-09-18,2030-09-17,Active
1497.0,1286.0,Debit,2025-09-18,2030-09-17,Active
1197.0,1030.0,Debit,2025-09-19,2030-09-18,Blocked
321.0,2001.0,Credit,2025-09-20,2030-09-19,Expired
1291.0,2740.0,Debit,2025-09-20,2030-09-19,Blocked
279.0,,Credit,2025-09-21,2030-09-20,
433.0,1580.0,Debit,,2030-09-20,Blocked
617.0,2484.0,Credit,2025-09-22,2030-09-21,Active
1159.0,2835.0,Credit,2025-09-22,2030-09-21,Active
1199.0,1212.0,Debit,2025-09-22,2030-09-21,Blocked
1181.0,1262.0,Debit,2025-09-22,2030-09-21,Active
,2311.0,Debit,,2030-09-22,Expired
1975.0,2534.0,Credit,2025-09-24,2030-09-23,
457.0,1762.0,Credit,2025-09-25,2030-09-24,Expired
628.0,2950.0,Debit,2025-09-26,2030-09-25,Active
1663.0,2290.0,Credit,2025-09-26,2030-09-25,
518.0,1312.0,Debit,2025-09-26,2030-09-25,Expired
,1428.0,Debit,,,Active
713.0,2348.0,Debit,,2030-09-25,Blocked
141.0,1254.0,Debit,2025-09-27,,Expired
1206.0,1056.0,Debit,,2030-09-26,Expired
1166.0,2237.0,Credit,2025-09-28,2030-09-27,Blocked
821.0,2955.0,Debit,,2030-09-27,Expired
1928.0,2686.0,Debit,2025-09-28,2030-09-27,Blocked
,2195.0,Credit,2025-09-28,,Blocked
1395.0,2793.0,Debit,2025-09-29,2030-09-28,Active
1223.0,2097.0,Credit,2025-09-29,2030-09-28,Expired
1143.0,2079.0,Credit,2025-09-30,2030-09-29,Expired
469.0,1292.0,Debit,2025-09-30,,Active
356.0,1135.0,Debit,2025-09-30,2030-09-29,Active
870.0,2765.0,,2025-09-30,2030-09-29,Blocked
1275.0,1192.0,Debit,2025-09-30,2030-09-29,Active
755.0,2711.0,,2025-10-01,2030-09-30,Expired
1856.0,1860.0,Credit,2025-10-01,2030-09-30,
7.0,2867.0,Credit,2025-10-01,2030-09-30,Expired
1995.0,1947.0,Debit,2025-10-01,2030-09-30,Expired
1783.0,1061.0,Credit,,2030-09-30,Expired
1866.0,1141.0,Credit,2025-10-01,2030-09-30,Expired
760.0,1421.0,Credit,2025-10-01,2030-09-30,Expired
487.0,2951.0,,2025-10-01,2030-09-30,Active
,1389.0,Debit,2025-10-01,2030-09-30,Active
218.0,2760.0,Credit,2025-10-02,2030-10-01,Active
,2979.0,,2025-10-02,2030-10-01,
1541.0,1397.0,Debit,2025-10-02,2030-10-01,Expired
1684.0,2338.0,Debit,2025-10-02,2030-10-01,Expired
,2351.0,,2025-10-03,2030-10-02,
1054.0,1050.0,Credit,2025-10-03,2030-10-02,Blocked
679.0,2209.0,,2025-10-03,2030-10-02,Blocked
1540.0,2555.0,Debit,2025-10-04,,Active
673.0,2894.0,Credit,2025-10-04,2030-10-03,Active
688.0,2634.0,Credit,2025-10-04,2030-10-03,Expired
818.0,2409.0,Credit,2025-10-04,2030-10-03,Active
1196.0,2455.0,,2025-10-04,2030-10-03,
921.0,1720.0,Debit,2025-10-05,,Expired
1289.0,,Credit,2025-10-06,2030-10-05,Blocked
1704.0,1797.0,Credit,2025-10-06,2030-10-05,Blocked
,1042.0,Credit,2025-10-06,2030-10-05,Blocked
1155.0,1348.0,Credit,2025-10-06,2030-10-05,Active
1068.0,2858.0,Debit,,2030-10-06,Blocked
951.0,1669.0,Debit,2025-10-07,2030-10-06,Active
1939.0,1112.0,Debit,,2030-10-07,Active
240.0,1826.0,,,,Blocked
1222.0,1996.0,,2025-10-08,2030-10-07,Expired
250.0,2402.0,Debit,2025-10-08,2030-10-07,
434.0,1675.0,Credit,2025-10-09,2030-10-08,
1820.0,1848.0,Credit,2025-10-09,2030-10-08,Active
1741.0,2997.0,,,2030-10-08,Blocked
1388.0,1146.0,Debit,2025-10-09,2030-10-08,Active
371.0,1410.0,Debit,2025-10-09,2030-10-08,Expired
306.0,2647.0,Debit,2025-10-10,,Blocked
1430.0,1485.0,Credit,2025-10-10,2030-10-09,Blocked
142.0,1237.0,Debit,,2030-10-09,Blocked
1265.0,1318.0,Credit,2025-10-11,2030-10-10,Blocked
942.0,1859.0,,2025-10-11,2030-10-10,Active
971.0,1058.0,Debit,2025-10-11,2030-10-10,Expired
307.0,,Debit,,2030-10-11,Active
1537.0,2680.0,Debit,2025-10-12,2030-10-11,Active
,1916.0,Credit,2025-10-12,2030-10-11,Expired
109.0,1849.0,Credit,2025-10-12,2030-10-11,Expired
140.0,2935.0,Debit,2025-10-13,2030-10-12,Expired
1283.0,1053.0,Credit,2025-10-13,2030-10-12,Active
1754.0,2393.0,Credit,2025-10-13,2030-10-12,Expired
641.0,2460.0,Credit,2025-10-14,2030-10-13,Active
227.0,2277.0,Debit,2025-10-14,2030-10-13,Active
901.0,2022.0,Debit,2025-10-14,2030-10-13,Expired
1406.0,2346.0,Credit,2025-10-14,2030-10-13,Active
1596.0,1123.0,,2025-10-15,2030-10-14,Blocked
1833.0,2332.0,Debit,2025-10-15,2030-10-14,Active
1954.0,2275.0,Debit,2025-10-15,2030-10-14,Blocked
1176.0,2770.0,,2025-10-16,2030-10-15,Active
1319.0,2127.0,Debit,2025-10-16,2030-10-15,Expired
816.0,2680.0,Credit,2025-10-16,2030-10-15,Blocked
618.0,2264.0,Credit,2025-10-17,2030-10-16,Expired
422.0,2662.0,Credit,2025-10-17,2030-10-16,Expired
1167.0,1279.0,Debit,2025-10-17,2030-10-16,Active
1822.0,1662.0,Credit,2025-10-17,2030-10-16,Expired
700.0,2844.0,Debit,2025-10-18,2030-10-17,Active
633.0,2347.0,,2025-10-19,2030-10-18,Blocked
1213.0,2904.0,Credit,2025-10-19,2030-10-18,Active
264.0,2389.0,Debit,2025-10-19,2030-10-18,Active
1590.0,2013.0,Debit,2025-10-19,2030-10-18,
,2994.0,Credit,2025-10-19,2030-10-18,Expired
943.0,1796.0,Debit,2025-10-19,2030-10-18,Active
718.0,1074.0,Debit,2025-10-20,2030-10-19,Active
1711.0,1731.0,,2025-10-20,2030-10-19,Expired
144.0,1932.0,Debit,,,Active
1861.0,1719.0,Credit,2025-10-20,2030-10-19,
1065.0,2505.0,Debit,2025-10-20,2030-10-19,Expired
1792.0,1393.0,Debit,2025-10-21,2030-10-20,Expired
709.0,1247.0,Credit,2025-10-21,2030-10-20,Expired
1552.0,2974.0,Credit,2025-10-22,2030-10-21,Expired
847.0,2423.0,Debit,2025-10-22,2030-10-21,Blocked
411.0,1755.0,Debit,2025-10-23,2030-10-22,Blocked
258.0,2267.0,Debit,2025-10-23,2030-10-22,
1311.0,1789.0,Credit,2025-10-23,2030-10-22,Blocked
203.0,2723.0,Credit,2025-10-23,2030-10-22,Expired
375.0,2534.0,Debit,2025-10-24,2030-10-23,Active
149.0,,Debit,2025-10-24,2030-10-23,Active
455.0,2645.0,Credit,2025-10-25,2030-10-24,Active
1515.0,2196.0,,2025-10-25,2030-10-24,Blocked
,2370.0,Debit,2025-10-25,2030-10-24,Expired
969.0,1730.0,Debit,2025-10-26,,Active
473.0,1401.0,Credit,2025-10-27,2030-10-26,Blocked
1793.0,2339.0,Debit,2025-10-27,2030-10-26,Expired
415.0,2645.0,Debit,2025-10-27,2030-10-26,Active
196.0,1788.0,Credit,2025-10-28,2030-10-27,Blocked
1382.0,1731.0,Credit,2025-10-28,2030-10-27,Expired
,1004.0,Debit,2025-10-29,2030-10-28,Blocked
994.0,2051.0,,2025-10-29,2030-10-28,Blocked
277.0,2555.0,Credit,2025-10-29,,Blocked
1526.0,1925.0,Debit,2025-10-30,2030-10-29,
1587.0,2048.0,Debit,2025-10-30,,Active
75.0,1492.0,Debit,2025-10-31,2030-10-30,Expired
79.0,2089.0,Credit,2025-11-01,2030-10-31,Expired
1379.0,1908.0,Debit,2025-11-01,2030-10-31,Active
162.0,2205.0,Credit,2025-11-02,2030-11-01,Blocked
,,Debit,2025-11-02,2030-11-01,Expired
731.0,1600.0,Debit,2025-11-02,2030-11-01,Blocked
546.0,1017.0,Debit,2025-11-03,2030-11-02,Blocked
413.0,2656.0,Debit,2025-11-03,2030-11-02,Blocked
489.0,2991.0,Debit,2025-11-03,2030-11-02,Blocked
894.0,2807.0,Credit,2025-11-04,2030-11-03,Blocked
1547.0,1405.0,Credit,,,Blocked
1301.0,1150.0,Debit,2025-11-05,2030-11-04,Expired
1396.0,1913.0,Debit,2025-11-06,2030-11-05,Blocked
829.0,1354.0,Debit,2025-11-06,2030-11-05,Blocked
1905.0,2012.0,Debit,2025-11-06,,Active
1857.0,1212.0,Debit,2025-11-06,2030-11-05,Blocked
,1072.0,Debit,2025-11-07,2030-11-06,Blocked
61.0,,Credit,2025-11-07,2030-11-06,Expired
683.0,2288.0,Debit,,2030-11-06,Blocked
507.0,2529.0,Credit,2025-11-08,2030-11-07,Active
175.0,2088.0,Credit,2025-11-08,2030-11-07,Expired
1460.0,2768.0,Debit,2025-11-09,2030-11-08,Expired
724.0,2896.0,Debit,2025-11-09,2030-11-08,Blocked
444.0,2494.0,Credit,2025-11-09,2030-11-08,Blocked
244.0,2525.0,Credit,2025-11-09,2030-11-08,Expired
,1773.0,Debit,2025-11-09,2030-11-08,Expired
1952.0,2129.0,Debit,2025-11-10,2030-11-09,Blocked
1424.0,1626.0,Credit,2025-11-10,2030-11-09,Active
811.0,1654.0,Debit,2025-11-10,2030-11-09,Active
,1307.0,,2025-11-11,2030-11-10,Expired
1469.0,2234.0,Debit,2025-11-11,2030-11-10,Blocked
665.0,2685.0,Credit,2025-11-11,,Active
629.0,1307.0,Debit,2025-11-11,,Expired
1763.0,1489.0,Debit,2025-11-12,2030-11-11,Expired
485.0,1124.0,Debit,2025-11-13,2030-11-12,Active
1007.0,2129.0,Credit,2025-11-13,2030-11-12,Expired
1266.0,1841.0,Credit,2025-11-13,2030-11-12,Active
1890.0,2771.0,Debit,2025-11-14,2030-11-13,Expired
1957.0,2387.0,Credit,2025-11-14,2030-11-13,Expired
996.0,2557.0,Credit,2025-11-14,2030-11-13,Blocked
710.0,1458.0,,2025-11-15,2030-11-14,Active
1776.0,2683.0,Debit,2025-11-15,2030-11-14,
309.0,,Debit,2025-11-15,2030-11-14,Active
1752.0,1853.0,Credit,,2030-11-14,Blocked
742.0,1651.0,Debit,2025-11-15,2030-11-14,Expired
1654.0,1066.0,,2025-11-15,2030-11-14,Active
1778.0,1747.0,Debit,2025-11-16,2030-11-15,
1835.0,1800.0,Credit,2025-11-16,2030-11-15,Active
880.0,2338.0,Debit,2025-11-16,2030-11-15,Blocked
588.0,2968.0,Debit,2025-11-16,2030-11-15,
414.0,1789.0,Debit,2025-11-16,2030-11-15,Expired
40.0,1608.0,Debit,2025-11-17,2030-11-16,Active
,1568.0,,2025-11-17,2030-11-16,Expired
30.0,,Credit,2025-11-18,2030-11-17,Expired
1686.0,1030.0,Credit,2025-11-18,2030-11-17,Blocked
1701.0,1764.0,Credit,2025-11-18,2030-11-17,Active
1528.0,2883.0,Debit,2025-11-18,2030-11-17,Blocked
419.0,1179.0,Debit,2025-11-18,2030-11-17,Active
1258.0,,Credit,2025-11-18,2030-11-17,Blocked
769.0,2074.0,Credit,2025-11-19,2030-11-18,Blocked
532.0,2915.0,Credit,2025-11-19,2030-11-18,Blocked
824.0,1953.0,Credit,2025-11-19,,Expired
118.0,1199.0,Debit,2025-11-19,2030-11-18,Expired
1548.0,2432.0,,2025-11-19,2030-11-18,Expired
1330.0,2686.0,Credit,2025-11-19,2030-11-18,Blocked
402.0,1472.0,Debit,2025-11-19,2030-11-18,
29.0,1975.0,Debit,2025-11-20,2030-11-19,Active
1282.0,,Credit,2025-11-21,2030-11-20,Expired
143.0,1587.0,Debit,2025-11-21,2030-11-20,Active
219.0,1333.0,Debit,,2030-11-20,Expired
,2039.0,Credit,2025-11-22,2030-11-21,Expired
1260.0,2421.0,Debit,2025-11-22,2030-11-21,Active
1228.0,1045.0,Debit,2025-11-23,2030-11-22,
346.0,1420.0,Credit,2025-11-23,2030-11-22,Active
1456.0,2151.0,Credit,2025-11-23,2030-11-22,Active
1349.0,,Credit,2025-11-23,2030-11-22,Active
210.0,2619.0,Credit,2025-11-24,2030-11-23,Active
,,Debit,,2030-11-23,Expired
,2059.0,Credit,2025-11-24,2030-11-23,Expired
907.0,1679.0,Credit,2025-11-24,2030-11-23,Active
1111.0,2563.0,Debit,2025-11-25,2030-11-24,Active
1759.0,2655.0,Credit,2025-11-25,,Expired
289.0,1578.0,Credit,2025-11-25,2030-11-24,
480.0,1903.0,Credit,2025-11-26,2030-11-25,Active
667.0,2753.0,Credit,2025-11-26,2030-11-25,Active
1911.0,1480.0,Credit,2025-11-27,,Active
782.0,1407.0,Debit,2025-11-27,2030-11-26,Expired
,1254.0,Debit,2025-11-28,2030-11-27,Expired
23.0,2430.0,Debit,2025-11-28,2030-11-27,Expired
513.0,1685.0,Credit,2025-11-28,2030-11-27,Active
1736.0,2981.0,Debit,2025-11-28,2030-11-27,
1121.0,1561.0,Debit,2025-11-28,2030-11-27,Active
1168.0,2493.0,Debit,2025-11-29,2030-11-28,Active
1119.0,1540.0,Debit,2025-11-29,2030-11-28,Expired
1974.0,1895.0,Credit,2025-11-30,2030-11-29,Blocked
748.0,1416.0,Credit,2025-11-30,2030-11-29,Active
812.0,,Debit,,2030-11-29,Expired
,1213.0,Debit,,2030-11-29,Expired
1249.0,1394.0,Credit,,2030-11-30,Active
1085.0,,Debit,2025-12-01,2030-11-30,
1738.0,2407.0,Debit,2025-12-01,2030-11-30,Expired
70.0,2416.0,Debit,2025-12-01,,Blocked
280.0,1513.0,Credit,,2030-11-30,Expired
804.0,1037.0,Debit,2025-12-01,2030-11-30,Active
624.0,2881.0,Credit,2025-12-02,2030-12-01,Blocked
315.0,2370.0,Debit,2025-12-02,,Expired
1656.0,1262.0,Credit,2025-12-03,2030-12-02,Expired
1344.0,1473.0,Credit,2025-12-03,2030-12-02,Expired
1808.0,2541.0,Credit,2025-12-03,2030-12-02,Blocked
328.0,1448.0,Debit,2025-12-04,,
970.0,2760.0,,2025-12-04,2030-12-03,Expired
540.0,2881.0,Debit,2025-12-04,2030-12-03,Active
19.0,2606.0,Debit,2025-12-04,2030-12-03,Active
827.0,1721.0,Credit,2025-12-04,2030-12-03,Active
1976.0,1910.0,Credit,2025-12-06,2030-12-05,Expired
1657.0,1867.0,Debit,2025-12-06,2030-12-05,Expired
184.0,1464.0,Credit,2025-12-06,2030-12-05,
903.0,2446.0,Debit,2025-12-07,2030-12-06,Expired
1947.0,,Credit,2025-12-08,2030-12-07,Expired
330.0,2178.0,Debit,2025-12-08,2030-12-07,Blocked
1416.0,1305.0,Credit,2025-12-09,2030-12-08,Blocked
1200.0,2868.0,,2025-12-10,2030-12-09,Active
395.0,2879.0,Credit,2025-12-10,2030-12-09,Blocked
176.0,1204.0,,,2030-12-09,Expired
1094.0,1723.0,Debit,2025-12-10,2030-12-09,Expired
1373.0,2314.0,Debit,2025-12-11,2030-12-10,Expired
421.0,1499.0,Credit,2025-12-12,2030-12-11,Active
1938.0,1103.0,Debit,2025-12-12,2030-12-11,Active
984.0,1338.0,Credit,2025-12-12,2030-12-11,Active
,2141.0,Credit,2025-12-14,2030-12-13,
882.0,2118.0,Credit,2025-12-14,2030-12-13,Blocked
1930.0,1754.0,Debit,2025-12-15,2030-12-14,Expired
,1763.0,Debit,2025-12-15,2030-12-14,
775.0,2017.0,Credit,2025-12-16,2030-12-15,Blocked
583.0,,Debit,2025-12-16,2030-12-15,Active
177.0,1429.0,Credit,2025-12-17,2030-12-16,Blocked
48.0,1695.0,Credit,2025-12-17,2030-12-16,Active
1561.0,1783.0,Debit,,2030-12-16,Blocked
234.0,1050.0,Debit,2025-12-17,2030-12-16,Expired
606.0,1752.0,Debit,2025-12-18,2030-12-17,Blocked
1035.0,1330.0,Debit,2025-12-18,2030-12-17,Expired
1264.0,2639.0,Debit,2025-12-19,,Expired
1280.0,2774.0,Credit,2025-12-19,2030-12-18,Active
1578.0,1741.0,Debit,2025-12-19,2030-12-18,Blocked
997.0,,Credit,2025-12-19,2030-12-18,Expired
283.0,1484.0,Credit,,2030-12-19,Blocked
850.0,,Debit,,2030-12-19,Blocked
693.0,1721.0,Credit,,2030-12-19,Active
905.0,2795.0,Debit,2025-12-20,2030-12-19,
938.0,1844.0,Credit,2025-12-20,2030-12-19,Active
716.0,2915.0,Credit,2025-12-21,2030-12-20,Expired
,2452.0,Credit,2025-12-21,2030-12-20,Expired
750.0,2758.0,Debit,2025-12-21,2030-12-20,Expired
1789.0,2669.0,Debit,2025-12-21,2030-12-20,Active
1028.0,1339.0,Credit,2025-12-22,2030-12-21,Blocked
1489.0,2273.0,,2025-12-22,2030-12-21,Expired
1898.0,1099.0,Credit,2025-12-22,2030-12-21,Blocked
1146.0,2102.0,Credit,2025-12-23,2030-12-22,
1233.0,1842.0,,2025-12-23,2030-12-22,Active
249.0,2697.0,Credit,2025-12-23,2030-12-22,Expired
318.0,2352.0,Debit,2025-12-25,2030-12-24,Expired
515.0,2115.0,Credit,2025-12-25,2030-12-24,Expired
698.0,1924.0,Credit,2025-12-26,2030-12-25,
351.0,1323.0,Credit,2025-12-26,2030-12-25,Active
1274.0,2662.0,Debit,2025-12-27,,Expired
96.0,1539.0,,2025-12-28,2030-12-27,Blocked
735.0,2981.0,Credit,2025-12-28,2030-12-27,Expired
887.0,1777.0,Credit,2025-12-28,2030-12-27,Blocked
512.0,1595.0,Debit,2025-12-28,2030-12-27,Expired
,,Debit,2025-12-29,2030-12-28,Expired
1750.0,2972.0,Credit,2025-12-29,2030-12-28,Active
1814.0,1724.0,Debit,2025-12-30,2030-12-29,Active
1687.0,2862.0,Debit,2025-12-30,,Blocked
1004.0,1540.0,Debit,2025-12-30,2030-12-29,Active
215.0,1586.0,Debit,2025-12-31,2030-12-30,Active
,1210.0,Debit,2025-12-31,2030-12-30,Expired
1940.0,2834.0,Debit,,2030-02-23,Active
,1962.0,,2025-06-21,,Blocked
1277.0,1850.0,Credit,2024-11-16,2029-11-15,Blocked
,1416.0,Credit,2025-04-23,2030-04-22,Blocked
1941.0,3000.0,Credit,2025-02-25,2030-02-24,Active
1931.0,,Credit,,2030-02-10,Active
755.0,2711.0,,2025-10-01,2030-09-30,Expired
1600.0,2245.0,Debit,,,Active
1897.0,2430.0,,2025-08-27,2030-08-26,Active
1572.0,2272.0,Debit,2024-02-16,2029-02-14,Expired
1472.0,,Credit,2024-07-02,2029-07-01,Blocked
778.0,2041.0,,2025-04-05,2030-04-04,Expired
568.0,2879.0,Credit,2024-05-07,2029-05-06,Blocked
1151.0,2876.0,Credit,2025-06-30,2030-06-29,Expired
1241.0,1961.0,Credit,2024-02-01,2029-01-30,
1494.0,2382.0,Debit,2025-05-29,2030-05-28,Expired
286.0,2710.0,Debit,2025-02-24,2030-02-23,
627.0,1096.0,Debit,2024-11-20,2029-11-19,Active
476.0,2840.0,Debit,2025-09-16,2030-09-15,Active
1650.0,1945.0,Credit,,2029-02-18,Expired
656.0,2648.0,Credit,,2030-09-15,Active
1664.0,2642.0,Debit,2025-05-05,2030-05-04,Blocked
1980.0,2959.0,Credit,2024-10-15,2029-10-14,Expired
967.0,1044.0,Debit,2024-05-13,2029-05-12,Active
1682.0,1853.0,Debit,2025-07-14,2030-07-13,
883.0,1071.0,Credit,,2030-06-13,Expired
1944.0,1292.0,Credit,2024-10-31,2029-10-30,Blocked
1798.0,2232.0,Credit,2024-05-28,2029-05-27,Active
521.0,1945.0,Debit,2025-03-28,2030-03-27,Blocked
1557.0,1909.0,Credit,2024-12-20,2029-12-19,Expired
1067.0,1614.0,Debit,2024-04-13,,Blocked
1474.0,,Credit,2025-03-16,2030-03-15,Blocked
863.0,1757.0,Credit,2024-06-30,2029-06-29,Blocked
1328.0,1740.0,Debit,2025-05-08,2030-05-07,Active
1235.0,1592.0,Debit,2024-01-09,2029-01-07,Active
1278.0,2586.0,Credit,2024-04-07,2029-04-06,Active
946.0,2652.0,Debit,2024-10-10,2029-10-09,Blocked
,1328.0,Credit,,2029-11-15,Expired
1836.0,2487.0,Credit,2025-08-07,2030-08-06,Active
1467.0,2459.0,Credit,2024-07-06,2029-07-05,
1870.0,2720.0,Credit,2025-02-07,2030-02-06,Active
1502.0,2407.0,Debit,2024-07-17,2029-07-16,Active
457.0,1762.0,Credit,2025-09-25,2030-09-24,Expired
478.0,1157.0,Debit,2025-07-06,2030-07-05,Active
1398.0,1187.0,Credit,,2029-09-20,
303.0,1550.0,Debit,2024-12-28,2029-12-27,Blocked
1311.0,1789.0,Credit,2025-10-23,2030-10-22,Blocked
1888.0,2135.0,Debit,2024-03-17,2029-03-16,Blocked
694.0,2639.0,Debit,2024-12-21,2029-12-20,Active
1336.0,2354.0,Credit,2024-09-17,2029-09-16,Blocked
,,,,,
,,,,,
,,,,,
,,,,,
,,,,,
,,,,,
,,,,,
,,,,,
,,,,,
,,,,,
,,,,,
,,,,,
,,,,,
,,,,,
,,,,,
,,,,,
,,,,,
,,,,,
,,,,,
,,,,,
,,,,,
,,,,,
,,,,,
,,,,,
,,,,,
,,,,,
,,,,,
,,,,,
,,,,,
,,,,,
,,,,,
,,,,,
,,,,,
,,,,,
,,,,,
,,,,,
,,,,,
,,,,,
,,,,,
,,,,,
,,,,,
